#
# A fatal error has been detected by the Java Runtime Environment:
#
#  EXCEPTION_ACCESS_VIOLATION (0xc0000005) at pc=0x000001923a9e7045, pid=16000, tid=20624
#
# JRE version: OpenJDK Runtime Environment (21.0.10) (build 21.0.10+-14961533-b1163.108)
# Java VM: OpenJDK 64-Bit Server VM (21.0.10+-14961533-b1163.108, mixed mode, tiered, compressed oops, compressed class ptrs, g1 gc, windows-amd64)
# Problematic frame:
# J 144518 c1 org.jetbrains.kotlin.load.java.typeEnhancement.TypeEnhancementUtilsKt.computeQualifiersForOverride(Lorg/jetbrains/kotlin/load/java/typeEnhancement/JavaTypeQualifiers;Ljava/util/Collection;ZZZ)Lorg/jetbrains/kotlin/load/java/typeEnhancement/JavaTypeQualifiers; (625 bytes) @ 0x000001923a9e7045 [0x000001923a9e5e80+0x00000000000011c5]
#
# No core dump will be written. Minidumps are not enabled by default on client versions of Windows
#
# If you would like to submit a bug report, please visit:
#   https://youtrack.jetbrains.com/issues/JBR
#

---------------  S U M M A R Y ------------

Command Line: --add-opens=java.base/java.lang=ALL-UNNAMED --add-opens=java.base/java.lang.invoke=ALL-UNNAMED --add-opens=java.base/java.util=ALL-UNNAMED --add-opens=java.prefs/java.util.prefs=ALL-UNNAMED --add-exports=jdk.compiler/com.sun.tools.javac.api=ALL-UNNAMED --add-exports=jdk.compiler/com.sun.tools.javac.util=ALL-UNNAMED --add-opens=java.base/java.util=ALL-UNNAMED --add-opens=java.prefs/java.util.prefs=ALL-UNNAMED --add-opens=java.base/java.nio.charset=ALL-UNNAMED --add-opens=java.base/java.net=ALL-UNNAMED --add-opens=java.base/java.util.concurrent=ALL-UNNAMED --add-opens=java.base/java.util.concurrent.atomic=ALL-UNNAMED --add-opens=java.xml/javax.xml.namespace=ALL-UNNAMED --add-opens=java.base/java.time=ALL-UNNAMED -Xmx4g -Dfile.encoding=UTF-8 -Duser.country=US -Duser.language=en -Duser.variant -javaagent:C:\Users\Kt\.gradle\wrapper\dists\gradle-9.4.1-bin\arn2x92ynaizyzdaamcbpbhtj\gradle-9.4.1\lib\agents\gradle-instrumentation-agent-9.4.1.jar org.gradle.launcher.daemon.bootstrap.GradleDaemon 9.4.1

Host: Intel(R) Core(TM) i7-10750H CPU @ 2.60GHz, 12 cores, 15G,  Windows 11 , 64 bit Build 26100 (10.0.26100.8875)
Time: Sat Aug  8 16:01:12 2026 Arab Standard Time elapsed time: 6159.869946 seconds (0d 1h 42m 39s)

---------------  T H R E A D  ---------------

Current thread (0x0000019274525940):  JavaThread "pool-16-thread-1"        [_thread_in_Java, id=20624, stack(0x0000006fb3600000,0x0000006fb3700000) (1024K)]

Stack: [0x0000006fb3600000,0x0000006fb3700000],  sp=0x0000006fb36fb960,  free space=1006k
Native frames: (J=compiled Java code, j=interpreted, Vv=VM code, C=native code)
C  0x000001923a9e7045

The last pc belongs to nmethod (printed below).

siginfo: EXCEPTION_ACCESS_VIOLATION (0xc0000005), writing address 0x0000000000000000


Registers:
RAX=0x0000000000000000, RBX=0x0000019253bf0000, RCX=0x0000000000000000, RDX=0x000001920e6fd730
RSP=0x0000006fb36fb960, RBP=0x0000006fb36fbe70, RSI=0x000001920e6fd730, RDI=0x0000000000057e10
R8 =0x000000073abc54a0, R9 =0x0000000705f2fa90, R10=0x0140000007000000, R11=0x0000000801239720
R12=0x0000000000000000, R13=0x0000000000000260, R14=0x000000080005b260, R15=0x0000019274525940
RIP=0x000001923a9e7045, EFLAGS=0x0000000000010246

XMM[0]=0x0000000000000000 0x000000073abc5180
XMM[1]=0x0000000000000000 0x0000000000000000
XMM[2]=0x0000000000000000 0x0000000000000005
XMM[3]=0x0000000000000000 0x0000000000000000
XMM[4]=0x0000000000000000 0x0000000706f693a0
XMM[5]=0x0000000000000000 0x0000000000000000
XMM[6]=0x0000000000000000 0x0000000000000000
XMM[7]=0x0000000000000000 0x00000000e212037e
XMM[8]=0x0670bdf5bd69ecf1 0xc36c9e33fbd6b3fb
XMM[9]=0x9564431a9564431a 0x9564431aaf2ba162
XMM[10]=0x0000000000000000 0x0000000019c75e48
XMM[11]=0x83534fb383534fb3 0x83534fb3327ef115
XMM[12]=0x0000000000000000 0x00000000af2ba162
XMM[13]=0x0000000000000000 0x00000000a355dc54
XMM[14]=0x0000000000000000 0x103aba278f24d770
XMM[15]=0x0000000000000000 0x000000007eea1d49
  MXCSR=0x00001fa0


Register to memory mapping:

RAX=0x0 is null
RBX={method} {0x0000019253bf0008} 'hasNext' '()Z' in 'kotlin/collections/EmptyIterator'
RCX=0x0 is null
RDX=0x000001920e6fd730 is pointing into metadata
RSP=0x0000006fb36fb960 is pointing into the stack for thread: 0x0000019274525940
RBP=0x0000006fb36fbe70 is pointing into the stack for thread: 0x0000019274525940
RSI=0x000001920e6fd730 is pointing into metadata
RDI=359952 is a compressed pointer to class: 0x0000000800057e10
java.util.ArrayList {0x0000000800057e18}
 - instance size:     3
 - klass size:        209
 - access:            public synchronized 
 - flags:             rewritten has_nonstatic_fields has_nonstatic_concrete_methods has_miranda_methods has_resolved_methods 
 - state:             fully_initialized
 - name:              'java/util/ArrayList'
 - super:             'java/util/AbstractList'
 - sub:               'org/jetbrains/kotlin/ir/expressions/IrMemberAccessExpression$ValueArgumentsList'   'org/jetbrains/kotlin/com/intellij/util/containers/NotNullList'   'org/jetbrains/kotlin/com/intellij/util/containers/Stack'   'org/jetbrains/kotlin/config/MavenComparableVersion$ListItem'   (5 more klasses...)
 - arrays:            null
 - methods:           Array<T>(0x0000019252119d90)
 - method ordering:   Array<T>(0x0000019252000018)
 - default_methods:   Array<T>(0x0000019252120ff8)
 - default vtable indices:   Array<T>(0x0000019252121028)
 - local interfaces:  Array<T>(0x0000019252113c40)
 - trans. interfaces: Array<T>(0x0000019252120f38)
 - secondary supers: Array<T>(0x0000019252120fb8)
 - hash_slot:         26
 - bitmap:            0x4000000100220203
 - constants:         constant pool [509] {0x0000019252112ad0} for 'java/util/ArrayList' cache=0x00000192523039f0
 - class loader data:  loader data: 0x0000019250a29d80 of 'bootstrap'
 - generic signature: '<E:Ljava/lang/Object;>Ljava/util/AbstractList<TE;>;Ljava/util/List<TE;>;Ljava/util/RandomAccess;Ljava/lang/Cloneable;Ljava/io/Serializable;'
 - inner classes:     Array<T>(0x000001925211dc38)
 - nest members:     Array<T>(0x000001925211dc78)
 - permitted subclasses:     Array<T>(0x0000019252000028)
 - java mirror:       a 'java/lang/Class'{0x0000000700606070} = 'java/util/ArrayList'
 - vtable length      55  (start addr: 0x0000000800058010)
 - itable length      89 (start addr: 0x00000008000581c8)
 - ---- static fields (3 words):
 - private static final 'serialVersionUID' 'J' @120 
 - private static final 'DEFAULT_CAPACITY' 'I' @128 
 - private static final 'EMPTY_ELEMENTDATA' '[Ljava/lang/Object;' @112 
 - private static final 'DEFAULTCAPACITY_EMPTY_ELEMENTDATA' '[Ljava/lang/Object;' @116 
 - ---- non-static fields (3 words):
 - protected transient 'modCount' 'I' @12 
 - private 'size' 'I' @16 
 - transient 'elementData' '[Ljava/lang/Object;' @20 
 - non-static oop maps: 20-20 
R8 =0x000000073abc54a0 is an oop: java.util.ArrayList 
{0x000000073abc54a0} - klass: 'java/util/ArrayList'
 - ---- fields (total size 3 words):
 - protected transient 'modCount' 'I' @12  0 (0x00000000)
 - private 'size' 'I' @16  0 (0x00000000)
 - transient 'elementData' '[Ljava/lang/Object;' @20  a 'java/lang/Object'[0] {0x000000070061c778} (0xe00c38ef)
R9 =0x0000000705f2fa90 is an oop: org.jetbrains.kotlin.load.java.typeEnhancement.NullabilityQualifier 
{0x0000000705f2fa90} - klass: 'org/jetbrains/kotlin/load/java/typeEnhancement/NullabilityQualifier'
 - ---- fields (total size 3 words):
 - private final 'ordinal' 'I' @12  1 (0x00000001)
 - private 'hash' 'I' @16  487847147 (0x1d13f4eb)
 - private final 'name' 'Ljava/lang/String;' @20  "NULLABLE"{0x000000070be01978} (0xe17c032f)
R10=0x0140000007000000 is an unknown value
R11=0x0000000801239720 is pointing into metadata
R12=0x0 is null
R13=0x0000000000000260 is an unknown value
R14=0x000000080005b260 is a pointer to class: 
java.util.Iterator {0x000000080005b268}
 - instance size:     2
 - klass size:        70
 - access:            public interface abstract 
 - flags:             rewritten has_nonstatic_concrete_methods declares_nonstatic_concrete_methods 
 - state:             fully_initialized
 - name:              'java/util/Iterator'
 - super:             'java/lang/Object'
 - sub:               
 - nof implementors:  2
 - arrays:            'java/util/Iterator'[]
 - methods:           Array<T>(0x000001925214b000)
 - method ordering:   Array<T>(0x0000019252000018)
 - local interfaces:  Array<T>(0x0000019252000058)
 - trans. interfaces: Array<T>(0x0000019252000058)
 - secondary supers: Array<T>(0x0000019252000048)
 - hash_slot:         25
 - bitmap:            0x0000000000000000
 - constants:         constant pool [53] {0x000001925214ade8} for 'java/util/Iterator' cache=0x00000192521ef140
 - class loader data:  loader data: 0x0000019250a29d80 of 'bootstrap'
 - generic signature: '<E:Ljava/lang/Object;>Ljava/lang/Object;'
 - inner classes:     Array<T>(0x0000019252000028)
 - nest members:     Array<T>(0x0000019252000028)
 - permitted subclasses:     Array<T>(0x0000019252000028)
 - java mirror:       a 'java/lang/Class'{0x0000000700606430} = 'java/util/Iterator'
 - vtable length      5  (start addr: 0x000000080005b460)
 - itable length      0 (start addr: 0x000000080005b488)
 - ---- static fields (0 words):
 - ---- non-static fields (0 words):
 - non-static oop maps: 
R15=0x0000019274525940 is a thread

Top of Stack: (sp=0x0000006fb36fb960)
0x0000006fb36fb960:   000000073abc54d8 000000073abc5258
0x0000006fb36fb970:   000000073abc5240 000000073abc5240
0x0000006fb36fb980:   0000006fb36fbe70 000001923a8e3b6c
0x0000006fb36fb990:   000000073abc5240 0000000735449480
0x0000006fb36fb9a0:   000000070664d8c8 0000000702d97280
0x0000006fb36fb9b0:   00000000e6a892b4 000001923f501854
0x0000006fb36fb9c0:   000000070cc33890 0000000705fe5d20
0x0000006fb36fb9d0:   000000073abc4cd8 000000073abc5210
0x0000006fb36fb9e0:   000000073abc44e8 000001923e2775dc
0x0000006fb36fb9f0:   000000073abc5180 0000000000000001
0x0000006fb36fba00:   0000000800000000 000000073abc54a0
0x0000006fb36fba10:   000000073abc5488 0000000000000000
0x0000006fb36fba20:   0000000000000000 000000073abc5180
0x0000006fb36fba30:   000000073abc54d8 000000073abc54f0
0x0000006fb36fba40:   000000073abc5180 0000000704fceef8
0x0000006fb36fba50:   0000000000000000 000000070cc33890
0x0000006fb36fba60:   0000000035449070 000000073abc5418
0x0000006fb36fba70:   000000070664f040 000000070cc33890
0x0000006fb36fba80:   0000000000000000 0000000000000000
0x0000006fb36fba90:   000000070cc33890 0000000800056b78
0x0000006fb36fbaa0:   000001920e6fc000 0000000000000000
0x0000006fb36fbab0:   0000000000001087 000001923ba0752d
0x0000006fb36fbac0:   0000006fb36fbe70 000001923ba07abc
0x0000006fb36fbad0:   000000073abc54a0 000001924272f0f0
0x0000006fb36fbae0:   00000000842a6dbc 0000000704fce150
0x0000006fb36fbaf0:   0000006fb36fbb60 00000192419989d2
0x0000006fb36fbb00:   000000070cc33890 00000192469b0000
0x0000006fb36fbb10:   0000000000000000 0000006fb36fbb18
0x0000006fb36fbb20:   000000073abc4a60 0000000735449570
0x0000006fb36fbb30:   0000000000000001 0000000000000750
0x0000006fb36fbb40:   0000000000000000 00000192423b0c70
0x0000006fb36fbb50:   0000000000000000 0000000735449570 

Instructions: (pc=0x000001923a9e7045)
0x000001923a9e6f45:   00 01 44 8b 42 10 49 c1 e0 03 49 b9 30 d7 6f 0e
0x000001923a9e6f55:   92 01 00 00 49 83 81 d8 03 00 00 01 48 8b d0 44
0x000001923a9e6f65:   8b 8c 24 b8 00 00 00 66 66 90 e8 4c 6e 61 01 0f
0x000001923a9e6f75:   1f 84 00 64 17 00 0c 48 85 c0 48 ba 30 d7 6f 0e
0x000001923a9e6f85:   92 01 00 00 48 c7 c6 f8 03 00 00 74 07 48 c7 c6
0x000001923a9e6f95:   e8 03 00 00 48 8b 3c 32 48 8d 7f 01 48 89 3c 32
0x000001923a9e6fa5:   0f 84 18 00 00 00 48 8b d8 48 89 9c 24 18 01 00
0x000001923a9e6fb5:   00 48 89 84 24 f0 00 00 00 e9 5c 0a 00 00 48 89
0x000001923a9e6fc5:   84 24 f0 00 00 00 4c 8b 84 24 a8 00 00 00 4d 85
0x000001923a9e6fd5:   c0 75 16 48 be 30 d7 6f 0e 92 01 00 00 80 8e 01
0x000001923a9e6fe5:   04 00 00 01 e9 e9 00 00 00 48 bf 48 69 05 00 08
0x000001923a9e6ff5:   00 00 00 41 8b 70 08 49 ba 00 00 00 00 08 00 00
0x000001923a9e7005:   00 49 03 f2 48 3b 7e 20 0f 84 1a 00 00 00 48 3b
0x000001923a9e7015:   f7 0f 84 11 00 00 00 56 57 e8 5d 0b 0b 07 5e 5e
0x000001923a9e7025:   85 f6 0f 84 8e 00 00 00 48 be 30 d7 6f 0e 92 01
0x000001923a9e7035:   00 00 41 8b 78 08 49 ba 00 00 00 07 00 00 40 01
0x000001923a9e7045:   40 00 00 00 00 00 00 00 01 40 00 10 00 04 00 03
0x000001923a9e7055:   c0 00 30 00 0c 00 05 40 01 50 00 14 00 00 00 00
0x000001923a9e7065:   00 00 00 00 01 80 00 20 00 08 00 03 c0 00 30 00
0x000001923a9e7075:   0c 00 05 40 01 50 00 14 00 00 00 00 00 00 1b 00
0x000001923a9e7085:   00 00 1b 00 00 00 1b 00 00 00 1b 01 01 01 1e 01
0x000001923a9e7095:   01 01 1e 01 01 01 1e 01 01 01 1e 0b 0b 0b 2a 0b
0x000001923a9e70a5:   0b 0b 2a 0b 0b 0b 2a 0b 0b 0b 2a 29 1c 1e b8 29
0x000001923a9e70b5:   1c 1e b8 29 1c 1e b8 29 1c 1e b8 0e 92 01 00 00
0x000001923a9e70c5:   48 83 ae 08 04 00 00 01 e9 a5 27 00 00 e9 00 00
0x000001923a9e70d5:   00 00 49 8b d8 48 ba 10 7e 05 00 08 00 00 00 49
0x000001923a9e70e5:   8b 87 b8 01 00 00 48 8d 78 18 49 3b bf c8 01 00
0x000001923a9e70f5:   00 0f 87 84 27 00 00 49 89 bf b8 9f b1 d0 30 0b
0x000001923a9e7105:   00 00 00 00 00 00 00 00 00 00 00 00 00 00 00 00
0x000001923a9e7115:   00 00 00 00 00 00 00 00 00 00 00 00 00 00 00 00
0x000001923a9e7125:   00 00 00 00 00 00 00 00 00 00 00 00 00 00 00 00
0x000001923a9e7135:   00 00 00 00 00 00 00 00 00 00 00 83 86 40 04 00 


Stack slot to memory mapping:

stack at sp + 0 slots: 0x000000073abc54d8 is an oop: java.util.ArrayList 
{0x000000073abc54d8} - klass: 'java/util/ArrayList'
 - ---- fields (total size 3 words):
 - protected transient 'modCount' 'I' @12  0 (0x00000000)
 - private 'size' 'I' @16  0 (0x00000000)
 - transient 'elementData' '[Ljava/lang/Object;' @20  a 'java/lang/Object'[0] {0x000000070061c778} (0xe00c38ef)
stack at sp + 1 slots: 0x000000073abc5258 is an oop: java.util.ArrayList 
{0x000000073abc5258} - klass: 'java/util/ArrayList'
 - ---- fields (total size 3 words):
 - protected transient 'modCount' 'I' @12  1 (0x00000001)
 - private 'size' 'I' @16  1 (0x00000001)
 - transient 'elementData' '[Ljava/lang/Object;' @20  a 'java/lang/Object'[1] {0x000000073abc5270} (0xe7578a4e)
stack at sp + 2 slots: 0x000000073abc5240 is an oop: org.jetbrains.kotlin.load.java.typeEnhancement.AbstractSignatureParts$$Lambda/0x0000000802bfa1b0 
{0x000000073abc5240} - klass: 'org/jetbrains/kotlin/load/java/typeEnhancement/AbstractSignatureParts$$Lambda+0x0000000802bfa1b0'
 - ---- fields (total size 3 words):
 - private final 'arg$1' 'Lorg/jetbrains/kotlin/load/java/typeEnhancement/AbstractSignatureParts;' @12  a 'org/jetbrains/kotlin/fir/java/enhancement/EnhancementSignatureParts'{0x000000073abc44e8} (0xe757889d)
 - private final 'arg$2' 'Lorg/jetbrains/kotlin/types/model/TypeSystemContext;' @16  a 'org/jetbrains/kotlin/fir/types/TypeComponents$typeContext$1'{0x0000000704fce6b0} (0xe09f9cd6)
stack at sp + 3 slots: 0x000000073abc5240 is an oop: org.jetbrains.kotlin.load.java.typeEnhancement.AbstractSignatureParts$$Lambda/0x0000000802bfa1b0 
{0x000000073abc5240} - klass: 'org/jetbrains/kotlin/load/java/typeEnhancement/AbstractSignatureParts$$Lambda+0x0000000802bfa1b0'
 - ---- fields (total size 3 words):
 - private final 'arg$1' 'Lorg/jetbrains/kotlin/load/java/typeEnhancement/AbstractSignatureParts;' @12  a 'org/jetbrains/kotlin/fir/java/enhancement/EnhancementSignatureParts'{0x000000073abc44e8} (0xe757889d)
 - private final 'arg$2' 'Lorg/jetbrains/kotlin/types/model/TypeSystemContext;' @16  a 'org/jetbrains/kotlin/fir/types/TypeComponents$typeContext$1'{0x0000000704fce6b0} (0xe09f9cd6)
stack at sp + 4 slots: 0x0000006fb36fbe70 is pointing into the stack for thread: 0x0000019274525940
stack at sp + 5 slots: 0x000001923a8e3b6c is at entry_point+4524 in (nmethod*)0x000001923a8e2610
Compiled method (c1) 6160076 143598       3       org.jetbrains.kotlin.load.java.typeEnhancement.AbstractSignatureParts::toIndexed (39 bytes)
 total in heap  [0x000001923a8e2610,0x000001923a8e4c98] = 9864
 relocation     [0x000001923a8e2770,0x000001923a8e29c0] = 592
 main code      [0x000001923a8e29c0,0x000001923a8e42e8] = 6440
 stub code      [0x000001923a8e42e8,0x000001923a8e43a0] = 184
 oops           [0x000001923a8e43a0,0x000001923a8e43c0] = 32
 metadata       [0x000001923a8e43c0,0x000001923a8e44a0] = 224
 scopes data    [0x000001923a8e44a0,0x000001923a8e4880] = 992
 scopes pcs     [0x000001923a8e4880,0x000001923a8e4c10] = 912
 dependencies   [0x000001923a8e4c10,0x000001923a8e4c50] = 64
 nul chk table  [0x000001923a8e4c50,0x000001923a8e4c98] = 72
stack at sp + 6 slots: 0x000000073abc5240 is an oop: org.jetbrains.kotlin.load.java.typeEnhancement.AbstractSignatureParts$$Lambda/0x0000000802bfa1b0 
{0x000000073abc5240} - klass: 'org/jetbrains/kotlin/load/java/typeEnhancement/AbstractSignatureParts$$Lambda+0x0000000802bfa1b0'
 - ---- fields (total size 3 words):
 - private final 'arg$1' 'Lorg/jetbrains/kotlin/load/java/typeEnhancement/AbstractSignatureParts;' @12  a 'org/jetbrains/kotlin/fir/java/enhancement/EnhancementSignatureParts'{0x000000073abc44e8} (0xe757889d)
 - private final 'arg$2' 'Lorg/jetbrains/kotlin/types/model/TypeSystemContext;' @16  a 'org/jetbrains/kotlin/fir/types/TypeComponents$typeContext$1'{0x0000000704fce6b0} (0xe09f9cd6)
stack at sp + 7 slots: 0x0000000735449480 is an oop: org.jetbrains.kotlin.fir.java.MutableJavaTypeParameterStack 
{0x0000000735449480} - klass: 'org/jetbrains/kotlin/fir/java/MutableJavaTypeParameterStack'
 - ---- fields (total size 2 words):
 - private final 'typeParameterMap' 'Ljava/util/Map;' @12  a 'java/util/LinkedHashMap'{0x0000000735449490} (0xe6a89292)


Compiled method (c1) 6160110 144518       3       org.jetbrains.kotlin.load.java.typeEnhancement.TypeEnhancementUtilsKt::computeQualifiersForOverride (625 bytes)
 total in heap  [0x000001923a9e5810,0x000001923a9eb3f0] = 23520
 relocation     [0x000001923a9e5970,0x000001923a9e5e80] = 1296
 main code      [0x000001923a9e5e80,0x000001923a9e9dc8] = 16200
 stub code      [0x000001923a9e9dc8,0x000001923a9e9f48] = 384
 oops           [0x000001923a9e9f48,0x000001923a9e9f68] = 32
 metadata       [0x000001923a9e9f68,0x000001923a9ea000] = 152
 scopes data    [0x000001923a9ea000,0x000001923a9eaa90] = 2704
 scopes pcs     [0x000001923a9eaa90,0x000001923a9eb2d0] = 2112
 dependencies   [0x000001923a9eb2d0,0x000001923a9eb2f8] = 40
 nul chk table  [0x000001923a9eb2f8,0x000001923a9eb3f0] = 248

[Constant Pool (empty)]

[MachCode]
[Verified Entry Point]
  # {method} {0x000001926d1743f8} 'computeQualifiersForOverride' '(Lorg/jetbrains/kotlin/load/java/typeEnhancement/JavaTypeQualifiers;Ljava/util/Collection;ZZZ)Lorg/jetbrains/kotlin/load/java/typeEnhancement/JavaTypeQualifiers;' in 'org/jetbrains/kotlin/load/java/typeEnhancement/TypeEnhancementUtilsKt'
  # parm0:    rdx:rdx   = 'org/jetbrains/kotlin/load/java/typeEnhancement/JavaTypeQualifiers'
  # parm1:    r8:r8     = 'java/util/Collection'
  # parm2:    r9        = boolean
  # parm3:    rdi       = boolean
  # parm4:    rsi       = boolean
  #           [sp+0x170]  (sp of caller)
  0x000001923a9e5e80: 8984 2400 | 80ff ff55 | 4881 ec60 | 0100 0090 | 4181 7f20 | 4700 0000 

  0x000001923a9e5e98: ;   {runtime_call StubRoutines (final stubs)}
  0x000001923a9e5e98: 7405 e841 | 54fe 0648 | 8994 24b0 | 0000 004c | 8984 24a8 | 0000 0089 | bc24 c000 | 0000 89b4 
  0x000001923a9e5eb8: 24bc 0000 

  0x000001923a9e5ebc: ;   {metadata(method data for {method} {0x000001926d1743f8} 'computeQualifiersForOverride' '(Lorg/jetbrains/kotlin/load/java/typeEnhancement/JavaTypeQualifiers;Ljava/util/Collection;ZZZ)Lorg/jetbrains/kotlin/load/java/typeEnhancement/JavaTypeQualifiers;' in 'org/jetbrains/kotlin/load/java/typeEnhancement/TypeEnhancementUtilsKt')}
  0x000001923a9e5ebc: 0048 b830 | d76f 0e92 | 0100 008b | 88cc 0000 | 0083 c102 | 8988 cc00 | 0000 81e1 | fe07 0000 
  0x000001923a9e5edc: 85c9 0f84 | ff35 0000 

  0x000001923a9e5ee4: ;   {metadata(method data for {method} {0x000001926d1743f8} 'computeQualifiersForOverride' '(Lorg/jetbrains/kotlin/load/java/typeEnhancement/JavaTypeQualifiers;Ljava/util/Collection;ZZZ)Lorg/jetbrains/kotlin/load/java/typeEnhancement/JavaTypeQualifiers;' in 'org/jetbrains/kotlin/load/java/typeEnhancement/TypeEnhancementUtilsKt')}
  0x000001923a9e5ee4: 48b8 30d7 | 6f0e 9201 | 0000 4883 | 8010 0100 

  0x000001923a9e5ef4: ;   {metadata(method data for {method} {0x000001927c368e30} 'checkNotNullParameter' '(Ljava/lang/Object;Ljava/lang/String;)V' in 'kotlin/jvm/internal/Intrinsics')}
  0x000001923a9e5ef4: 0001 48b8 | e8e2 666a | 9201 0000 | 8b88 cc00 | 0000 83c1 | 0289 88cc | 0000 0081 | e1fe ff1f 
  0x000001923a9e5f14: 0085 c90f | 84e7 3500 | 0048 85d2 

  0x000001923a9e5f20: ;   {metadata(method data for {method} {0x000001927c368e30} 'checkNotNullParameter' '(Ljava/lang/Object;Ljava/lang/String;)V' in 'kotlin/jvm/internal/Intrinsics')}
  0x000001923a9e5f20: 48b8 e8e2 | 666a 9201 | 0000 48c7 | c110 0100 | 0075 0748 | c7c1 2001 | 0000 488b | 1c08 488d 
  0x000001923a9e5f40: 5b01 4889 | 1c08 4489 | 8c24 b800 | 0000 0f85 | 1802 0000 

  0x000001923a9e5f54: ;   {metadata(method data for {method} {0x000001927c368e30} 'checkNotNullParameter' '(Ljava/lang/Object;Ljava/lang/String;)V' in 'kotlin/jvm/internal/Intrinsics')}
  0x000001923a9e5f54: 48b8 e8e2 | 666a 9201 | 0000 4883 | 8030 0100 

  0x000001923a9e5f64: ;   {metadata(method data for {method} {0x000001927c368fe0} 'throwParameterIsNullNPE' '(Ljava/lang/String;)V' in 'kotlin/jvm/internal/Intrinsics')}
  0x000001923a9e5f64: 0001 48b8 | 70e4 666a | 9201 0000 | 8b88 cc00 | 0000 83c1 | 0289 88cc | 0000 0081 | e1fe ff1f 
  0x000001923a9e5f84: 0085 c90f | 8498 3500 | 0066 6690 

  0x000001923a9e5f90: ;   {no_reloc}
  0x000001923a9e5f90: e9c0 3500 | 0000 0000 | 0000 498b | 87b8 0100 | 0048 8d78 | 3049 3bbf | c801 0000 | 0f87 ad35 
  0x000001923a9e5fb0: 0000 4989 | bfb8 0100 | 0048 c700 | 0100 0000 | 488b ca49 | ba00 0000 | 0008 0000 | 0049 2bca 
  0x000001923a9e5fd0: 8948 0848 | 33c9 8948 | 0c48 33c9 | 4889 4810 | 4889 4818 | 4889 4820 | 4889 4828 

  0x000001923a9e5fec: ;   {metadata(method data for {method} {0x000001927c368fe0} 'throwParameterIsNullNPE' '(Ljava/lang/String;)V' in 'kotlin/jvm/internal/Intrinsics')}
  0x000001923a9e5fec: 48ba 70e4 | 666a 9201 | 0000 4883 | 8210 0100 

  0x000001923a9e5ffc: ;   {oop("<this>"{0x0000000700c6a268})}
  0x000001923a9e5ffc: 0001 48ba | 68a2 c600 | 0700 0000 | 4889 8424 | a000 0000 | 0f1f 8000 

  0x000001923a9e6014: ;   {static_call}
  0x000001923a9e6014: 0000 00e8 

  0x000001923a9e6018: ; ImmutableOopMap {[160]=Oop [168]=Oop [176]=Oop }
                      ;*invokestatic createParameterIsNullExceptionMessage {reexecute=0 rethrow=0 return_oop=0}
                      ; - kotlin.jvm.internal.Intrinsics::throwParameterIsNullNPE@5 (line 140)
                      ; - kotlin.jvm.internal.Intrinsics::checkNotNullParameter@5 (line 131)
                      ; - org.jetbrains.kotlin.load.java.typeEnhancement.TypeEnhancementUtilsKt::computeQualifiersForOverride@3
  0x000001923a9e6018: 6490 ff06 

  0x000001923a9e601c: ;   {other}
  0x000001923a9e601c: 0f1f 8400 | 0c08 0000 | 4c8b 8424 | a000 0000 

  0x000001923a9e602c: ;   {metadata(method data for {method} {0x000001927c368fe0} 'throwParameterIsNullNPE' '(Ljava/lang/String;)V' in 'kotlin/jvm/internal/Intrinsics')}
  0x000001923a9e602c: 48ba 70e4 | 666a 9201 | 0000 4883 | 8220 0100 | 0001 4c8b | c048 8b94 | 24a0 0000 | 0066 0f1f 
  0x000001923a9e604c: ;   {optimized virtual_call}
  0x000001923a9e604c: 4400 00e8 

  0x000001923a9e6050: ; ImmutableOopMap {[160]=Oop [168]=Oop [176]=Oop }
                      ;*invokespecial <init> {reexecute=0 rethrow=0 return_oop=0}
                      ; - kotlin.jvm.internal.Intrinsics::throwParameterIsNullNPE@8 (line 140)
                      ; - kotlin.jvm.internal.Intrinsics::checkNotNullParameter@5 (line 131)
                      ; - org.jetbrains.kotlin.load.java.typeEnhancement.TypeEnhancementUtilsKt::computeQualifiersForOverride@3
  0x000001923a9e6050: 2c8a ff06 

  0x000001923a9e6054: ;   {other}
  0x000001923a9e6054: 0f1f 8400 | 4408 0001 

  0x000001923a9e605c: ;   {metadata(method data for {method} {0x000001927c368fe0} 'throwParameterIsNullNPE' '(Ljava/lang/String;)V' in 'kotlin/jvm/internal/Intrinsics')}
  0x000001923a9e605c: 48ba 70e4 | 666a 9201 | 0000 4883 | 8230 0100 

  0x000001923a9e606c: ;   {metadata(method data for {method} {0x000001927c36a220} 'sanitizeStackTrace' '(Ljava/lang/Throwable;)Ljava/lang/Throwable;' in 'kotlin/jvm/internal/Intrinsics')}
  0x000001923a9e606c: 0001 48ba | 50eb 666a | 9201 0000 | 8bb2 cc00 | 0000 83c6 | 0289 b2cc | 0000 0081 | e6fe ff1f 
  0x000001923a9e608c: 0085 f60f | 84d7 3400 

  0x000001923a9e6094: ;   {oop(a 'java/lang/Class'{0x0000000704ee7bf0} = 'kotlin/jvm/internal/Intrinsics')}
  0x000001923a9e6094: 0048 baf0 | 7bee 0407 | 0000 0048 

  0x000001923a9e60a0: ;   {metadata(method data for {method} {0x000001927c36a220} 'sanitizeStackTrace' '(Ljava/lang/Throwable;)Ljava/lang/Throwable;' in 'kotlin/jvm/internal/Intrinsics')}
  0x000001923a9e60a0: 8bf2 48bf | 50eb 666a | 9201 0000 | 4883 8710 | 0100 0001 

  0x000001923a9e60b4: ;   {metadata(method data for {method} {0x0000019252017ab0} 'getName' '()Ljava/lang/String;' in 'java/lang/Class')}
  0x000001923a9e60b4: 48be 705b | 6452 9201 | 0000 8bbe | cc00 0000 | 83c7 0289 | becc 0000 | 0081 e7fe | ff1f 0085 
  0x000001923a9e60d4: ff0f 84b2 | 3400 008b | 522c 48c1 | e203 4885 

  0x000001923a9e60e4: ;   {metadata(method data for {method} {0x0000019252017ab0} 'getName' '()Ljava/lang/String;' in 'java/lang/Class')}
  0x000001923a9e60e4: d248 be70 | 5b64 5292 | 0100 0048 | c7c7 1001 | 0000 7407 | 48c7 c720 | 0100 0048 | 8b1c 3e48 
  0x000001923a9e6104: 8d5b 0148 | 891c 3e0f | 8418 0000 

  0x000001923a9e6110: ;   {metadata(method data for {method} {0x0000019252017ab0} 'getName' '()Ljava/lang/String;' in 'java/lang/Class')}
  0x000001923a9e6110: 0048 be70 | 5b64 5292 | 0100 00ff | 8630 0100 | 0048 8bf2 | e936 0000 

  0x000001923a9e6128: ;   {oop(a 'java/lang/Class'{0x0000000704ee7bf0} = 'kotlin/jvm/internal/Intrinsics')}
  0x000001923a9e6128: 0048 baf0 | 7bee 0407 | 0000 0048 

  0x000001923a9e6134: ;   {metadata(method data for {method} {0x0000019252017ab0} 'getName' '()Ljava/lang/String;' in 'java/lang/Class')}
  0x000001923a9e6134: 8bf2 48bf | 705b 6452 | 9201 0000 | 4883 8748 | 0100 0001 | 0f1f 8000 

  0x000001923a9e614c: ;   {optimized virtual_call}
  0x000001923a9e614c: 0000 00e8 

  0x000001923a9e6150: ; ImmutableOopMap {[160]=Oop [168]=Oop [176]=Oop }
                      ;*invokevirtual initClassName {reexecute=0 rethrow=0 return_oop=0}
                      ; - java.lang.Class::getName@14
                      ; - kotlin.jvm.internal.Intrinsics::sanitizeStackTrace@3 (line 253)
                      ; - kotlin.jvm.internal.Intrinsics::throwParameterIsNullNPE@11 (line 140)
                      ; - kotlin.jvm.internal.Intrinsics::checkNotNullParameter@5 (line 131)
                      ; - org.jetbrains.kotlin.load.java.typeEnhancement.TypeEnhancementUtilsKt::computeQualifiersForOverride@3
  0x000001923a9e6150: 2c89 ff06 

  0x000001923a9e6154: ;   {other}
  0x000001923a9e6154: 0f1f 8400 | 4409 0002 | 488b f048 | 8b84 24a0 | 0000 00e9 | 3a32 0000 

  0x000001923a9e616c: ;   {metadata(method data for {method} {0x000001926d1743f8} 'computeQualifiersForOverride' '(Lorg/jetbrains/kotlin/load/java/typeEnhancement/JavaTypeQualifiers;Ljava/util/Collection;ZZZ)Lorg/jetbrains/kotlin/load/java/typeEnhancement/JavaTypeQualifiers;' in 'org/jetbrains/kotlin/load/java/typeEnhancement/TypeEnhancementUtilsKt')}
  0x000001923a9e616c: 48ba 30d7 | 6f0e 9201 | 0000 4883 | 8220 0100 

  0x000001923a9e617c: ;   {metadata(method data for {method} {0x000001927c368e30} 'checkNotNullParameter' '(Ljava/lang/Object;Ljava/lang/String;)V' in 'kotlin/jvm/internal/Intrinsics')}
  0x000001923a9e617c: 0001 48ba | e8e2 666a | 9201 0000 | 8bb2 cc00 | 0000 83c6 | 0289 b2cc | 0000 0081 | e6fe ff1f 
  0x000001923a9e619c: 0085 f60f | 840e 3400 | 004d 85c0 

  0x000001923a9e61a8: ;   {metadata(method data for {method} {0x000001927c368e30} 'checkNotNullParameter' '(Ljava/lang/Object;Ljava/lang/String;)V' in 'kotlin/jvm/internal/Intrinsics')}
  0x000001923a9e61a8: 48ba e8e2 | 666a 9201 | 0000 48c7 | c610 0100 | 0075 0748 | c7c6 2001 | 0000 488b | 3c32 488d 
  0x000001923a9e61c8: 7f01 4889 | 3c32 0f85 | 1802 0000 

  0x000001923a9e61d4: ;   {metadata(method data for {method} {0x000001927c368e30} 'checkNotNullParameter' '(Ljava/lang/Object;Ljava/lang/String;)V' in 'kotlin/jvm/internal/Intrinsics')}
  0x000001923a9e61d4: 48ba e8e2 | 666a 9201 | 0000 4883 | 8230 0100 

  0x000001923a9e61e4: ;   {metadata(method data for {method} {0x000001927c368fe0} 'throwParameterIsNullNPE' '(Ljava/lang/String;)V' in 'kotlin/jvm/internal/Intrinsics')}
  0x000001923a9e61e4: 0001 48ba | 70e4 666a | 9201 0000 | 8bb2 cc00 | 0000 83c6 | 0289 b2cc | 0000 0081 | e6fe ff1f 
  0x000001923a9e6204: 0085 f60f | 84c7 3300 | 0066 6690 

  0x000001923a9e6210: ;   {no_reloc}
  0x000001923a9e6210: e9ef 3300 | 0000 0000 | 0000 498b | 87b8 0100 | 0048 8d78 | 3049 3bbf | c801 0000 | 0f87 dc33 
  0x000001923a9e6230: 0000 4989 | bfb8 0100 | 0048 c700 | 0100 0000 | 488b ca49 | ba00 0000 | 0008 0000 | 0049 2bca 
  0x000001923a9e6250: 8948 0848 | 33c9 8948 | 0c48 33c9 | 4889 4810 | 4889 4818 | 4889 4820 | 4889 4828 

  0x000001923a9e626c: ;   {metadata(method data for {method} {0x000001927c368fe0} 'throwParameterIsNullNPE' '(Ljava/lang/String;)V' in 'kotlin/jvm/internal/Intrinsics')}
  0x000001923a9e626c: 48ba 70e4 | 666a 9201 | 0000 4883 | 8210 0100 

  0x000001923a9e627c: ;   {oop("superQualifiers"{0x000000070be01940})}
  0x000001923a9e627c: 0001 48ba | 4019 e00b | 0700 0000 | 4889 8424 | c800 0000 | 0f1f 8000 

  0x000001923a9e6294: ;   {static_call}
  0x000001923a9e6294: 0000 00e8 

  0x000001923a9e6298: ; ImmutableOopMap {[168]=Oop [176]=Oop [200]=Oop }
                      ;*invokestatic createParameterIsNullExceptionMessage {reexecute=0 rethrow=0 return_oop=0}
                      ; - kotlin.jvm.internal.Intrinsics::throwParameterIsNullNPE@5 (line 140)
                      ; - kotlin.jvm.internal.Intrinsics::checkNotNullParameter@5 (line 131)
                      ; - org.jetbrains.kotlin.load.java.typeEnhancement.TypeEnhancementUtilsKt::computeQualifiersForOverride@9
  0x000001923a9e6298: e48d ff06 

  0x000001923a9e629c: ;   {other}
  0x000001923a9e629c: 0f1f 8400 | 8c0a 0003 | 4c8b 8424 | c800 0000 

  0x000001923a9e62ac: ;   {metadata(method data for {method} {0x000001927c368fe0} 'throwParameterIsNullNPE' '(Ljava/lang/String;)V' in 'kotlin/jvm/internal/Intrinsics')}
  0x000001923a9e62ac: 48ba 70e4 | 666a 9201 | 0000 4883 | 8220 0100 | 0001 4c8b | c048 8b94 | 24c8 0000 | 0066 0f1f 
  0x000001923a9e62cc: ;   {optimized virtual_call}
  0x000001923a9e62cc: 4400 00e8 

  0x000001923a9e62d0: ; ImmutableOopMap {[168]=Oop [176]=Oop [200]=Oop }
                      ;*invokespecial <init> {reexecute=0 rethrow=0 return_oop=0}
                      ; - kotlin.jvm.internal.Intrinsics::throwParameterIsNullNPE@8 (line 140)
                      ; - kotlin.jvm.internal.Intrinsics::checkNotNullParameter@5 (line 131)
                      ; - org.jetbrains.kotlin.load.java.typeEnhancement.TypeEnhancementUtilsKt::computeQualifiersForOverride@9
  0x000001923a9e62d0: ac87 ff06 

  0x000001923a9e62d4: ;   {other}
  0x000001923a9e62d4: 0f1f 8400 | c40a 0004 

  0x000001923a9e62dc: ;   {metadata(method data for {method} {0x000001927c368fe0} 'throwParameterIsNullNPE' '(Ljava/lang/String;)V' in 'kotlin/jvm/internal/Intrinsics')}
  0x000001923a9e62dc: 48ba 70e4 | 666a 9201 | 0000 4883 | 8230 0100 

  0x000001923a9e62ec: ;   {metadata(method data for {method} {0x000001927c36a220} 'sanitizeStackTrace' '(Ljava/lang/Throwable;)Ljava/lang/Throwable;' in 'kotlin/jvm/internal/Intrinsics')}
  0x000001923a9e62ec: 0001 48ba | 50eb 666a | 9201 0000 | 8bb2 cc00 | 0000 83c6 | 0289 b2cc | 0000 0081 | e6fe ff1f 
  0x000001923a9e630c: 0085 f60f | 8406 3300 

  0x000001923a9e6314: ;   {oop(a 'java/lang/Class'{0x0000000704ee7bf0} = 'kotlin/jvm/internal/Intrinsics')}
  0x000001923a9e6314: 0048 baf0 | 7bee 0407 | 0000 0048 

  0x000001923a9e6320: ;   {metadata(method data for {method} {0x000001927c36a220} 'sanitizeStackTrace' '(Ljava/lang/Throwable;)Ljava/lang/Throwable;' in 'kotlin/jvm/internal/Intrinsics')}
  0x000001923a9e6320: 8bf2 48bf | 50eb 666a | 9201 0000 | 4883 8710 | 0100 0001 

  0x000001923a9e6334: ;   {metadata(method data for {method} {0x0000019252017ab0} 'getName' '()Ljava/lang/String;' in 'java/lang/Class')}
  0x000001923a9e6334: 48be 705b | 6452 9201 | 0000 8bbe | cc00 0000 | 83c7 0289 | becc 0000 | 0081 e7fe | ff1f 0085 
  0x000001923a9e6354: ff0f 84e1 | 3200 008b | 522c 48c1 | e203 4885 

  0x000001923a9e6364: ;   {metadata(method data for {method} {0x0000019252017ab0} 'getName' '()Ljava/lang/String;' in 'java/lang/Class')}
  0x000001923a9e6364: d248 be70 | 5b64 5292 | 0100 0048 | c7c7 1001 | 0000 7407 | 48c7 c720 | 0100 0048 | 8b1c 3e48 
  0x000001923a9e6384: 8d5b 0148 | 891c 3e0f | 8418 0000 

  0x000001923a9e6390: ;   {metadata(method data for {method} {0x0000019252017ab0} 'getName' '()Ljava/lang/String;' in 'java/lang/Class')}
  0x000001923a9e6390: 0048 be70 | 5b64 5292 | 0100 00ff | 8630 0100 | 0048 8bf2 | e936 0000 

  0x000001923a9e63a8: ;   {oop(a 'java/lang/Class'{0x0000000704ee7bf0} = 'kotlin/jvm/internal/Intrinsics')}
  0x000001923a9e63a8: 0048 baf0 | 7bee 0407 | 0000 0048 

  0x000001923a9e63b4: ;   {metadata(method data for {method} {0x0000019252017ab0} 'getName' '()Ljava/lang/String;' in 'java/lang/Class')}
  0x000001923a9e63b4: 8bf2 48bf | 705b 6452 | 9201 0000 | 4883 8748 | 0100 0001 | 0f1f 8000 

  0x000001923a9e63cc: ;   {optimized virtual_call}
  0x000001923a9e63cc: 0000 00e8 

  0x000001923a9e63d0: ; ImmutableOopMap {[168]=Oop [176]=Oop [200]=Oop }
                      ;*invokevirtual initClassName {reexecute=0 rethrow=0 return_oop=0}
                      ; - java.lang.Class::getName@14
                      ; - kotlin.jvm.internal.Intrinsics::sanitizeStackTrace@3 (line 253)
                      ; - kotlin.jvm.internal.Intrinsics::throwParameterIsNullNPE@11 (line 140)
                      ; - kotlin.jvm.internal.Intrinsics::checkNotNullParameter@5 (line 131)
                      ; - org.jetbrains.kotlin.load.java.typeEnhancement.TypeEnhancementUtilsKt::computeQualifiersForOverride@9
  0x000001923a9e63d0: ac86 ff06 

  0x000001923a9e63d4: ;   {other}
  0x000001923a9e63d4: 0f1f 8400 | c40b 0005 | 488b f048 | 8b84 24c8 | 0000 00e9 | a02e 0000 | 4d85 c075 

  0x000001923a9e63f0: ;   {metadata(method data for {method} {0x000001926d1743f8} 'computeQualifiersForOverride' '(Lorg/jetbrains/kotlin/load/java/typeEnhancement/JavaTypeQualifiers;Ljava/util/Collection;ZZZ)Lorg/jetbrains/kotlin/load/java/typeEnhancement/JavaTypeQualifiers;' in 'org/jetbrains/kotlin/load/java/typeEnhancement/TypeEnhancementUtilsKt')}
  0x000001923a9e63f0: 1648 be30 | d76f 0e92 | 0100 0080 | 8e29 0100 | 0001 e9e9 

  0x000001923a9e6404: ;   {metadata('java/lang/Iterable')}
  0x000001923a9e6404: 0000 0048 | bf48 6905 | 0008 0000 | 0041 8b70 | 0849 ba00 | 0000 0008 | 0000 0049 | 03f2 483b 
  0x000001923a9e6424: 7e20 0f84 | 1a00 0000 | 483b f70f | 8411 0000 

  0x000001923a9e6434: ;   {runtime_call slow_subtype_check Runtime1 stub}
  0x000001923a9e6434: 0056 57e8 | 4417 0b07 | 5e5e 85f6 | 0f84 8e00 

  0x000001923a9e6444: ;   {metadata(method data for {method} {0x000001926d1743f8} 'computeQualifiersForOverride' '(Lorg/jetbrains/kotlin/load/java/typeEnhancement/JavaTypeQualifiers;Ljava/util/Collection;ZZZ)Lorg/jetbrains/kotlin/load/java/typeEnhancement/JavaTypeQualifiers;' in 'org/jetbrains/kotlin/load/java/typeEnhancement/TypeEnhancementUtilsKt')}
  0x000001923a9e6444: 0000 48be | 30d7 6f0e | 9201 0000 | 418b 7808 | 49ba 0000 | 0000 0800 | 0000 4903 | fa48 3bbe 
  0x000001923a9e6464: 4001 0000 | 750d 4883 | 8648 0100 | 0001 e979 | 0000 0048 | 3bbe 5001 | 0000 750d | 4883 8658 
  0x000001923a9e6484: 0100 0001 | e963 0000 | 0048 83be | 4001 0000 | 0075 1748 | 89be 4001 | 0000 48c7 | 8648 0100 
  0x000001923a9e64a4: 0001 0000 | 00e9 4200 | 0000 4883 | be50 0100 | 0000 7517 | 4889 be50 | 0100 0048 | c786 5801 
  0x000001923a9e64c4: 0000 0100 | 0000 e921 | 0000 00e9 | 1c00 0000 

  0x000001923a9e64d4: ;   {metadata(method data for {method} {0x000001926d1743f8} 'computeQualifiersForOverride' '(Lorg/jetbrains/kotlin/load/java/typeEnhancement/JavaTypeQualifiers;Ljava/util/Collection;ZZZ)Lorg/jetbrains/kotlin/load/java/typeEnhancement/JavaTypeQualifiers;' in 'org/jetbrains/kotlin/load/java/typeEnhancement/TypeEnhancementUtilsKt')}
  0x000001923a9e64d4: 48be 30d7 | 6f0e 9201 | 0000 4883 | ae30 0100 | 0001 e977 | 3100 00e9 | 0000 0000 

  0x000001923a9e64f0: ;   {metadata('java/util/ArrayList')}
  0x000001923a9e64f0: 498b d848 | ba10 7e05 | 0008 0000 | 0049 8b87 | b801 0000 | 488d 7818 | 493b bfc8 | 0100 000f 
  0x000001923a9e6510: 8756 3100 | 0049 89bf | b801 0000 | 48c7 0001 | 0000 0048 | 8bca 49ba | 0000 0000 | 0800 0000 
  0x000001923a9e6530: 492b ca89 | 4808 4833 | c989 480c | 4833 c948 | 8948 1048 | 8984 24d0 | 0000 0048 

  0x000001923a9e654c: ;   {metadata(method data for {method} {0x000001926d1743f8} 'computeQualifiersForOverride' '(Lorg/jetbrains/kotlin/load/java/typeEnhancement/JavaTypeQualifiers;Ljava/util/Collection;ZZZ)Lorg/jetbrains/kotlin/load/java/typeEnhancement/JavaTypeQualifiers;' in 'org/jetbrains/kotlin/load/java/typeEnhancement/TypeEnhancementUtilsKt')}
  0x000001923a9e654c: 8bd0 48be | 30d7 6f0e | 9201 0000 | 4883 8668 | 0100 0001 

  0x000001923a9e6560: ;   {metadata(method data for {method} {0x000001925211a108} '<init>' '()V' in 'java/util/ArrayList')}
  0x000001923a9e6560: 48ba f869 | 7a52 9201 | 0000 8bb2 | cc00 0000 | 83c6 0289 | b2cc 0000 | 0081 e6fe | ff1f 0085 
  0x000001923a9e6580: f60f 84f1 | 3000 0048 

  0x000001923a9e6588: ;   {metadata(method data for {method} {0x000001925211a108} '<init>' '()V' in 'java/util/ArrayList')}
  0x000001923a9e6588: 8bd0 48be | f869 7a52 | 9201 0000 | 4883 8610 | 0100 0001 

  0x000001923a9e659c: ;   {metadata(method data for {method} {0x000001925211e630} '<init>' '()V' in 'java/util/AbstractList')}
  0x000001923a9e659c: 48ba d830 | 6952 9201 | 0000 8bb2 | cc00 0000 | 83c6 0289 | b2cc 0000 | 0081 e6fe | ff1f 0085 
  0x000001923a9e65bc: f60f 84d6 | 3000 0048 

  0x000001923a9e65c4: ;   {metadata(method data for {method} {0x000001925211e630} '<init>' '()V' in 'java/util/AbstractList')}
  0x000001923a9e65c4: 8bd0 48be | d830 6952 | 9201 0000 | 4883 8610 | 0100 0001 

  0x000001923a9e65d8: ;   {metadata(method data for {method} {0x000001925211fea0} '<init>' '()V' in 'java/util/AbstractCollection')}
  0x000001923a9e65d8: 48ba 60b9 | 3352 9201 | 0000 8bb2 | cc00 0000 | 83c6 0289 | b2cc 0000 | 0081 e6fe | ff1f 0085 
  0x000001923a9e65f8: f60f 84bb | 3000 0048 

  0x000001923a9e6600: ;   {metadata(method data for {method} {0x000001925211fea0} '<init>' '()V' in 'java/util/AbstractCollection')}
  0x000001923a9e6600: 8bd0 48be | 60b9 3352 | 9201 0000 | 4883 8610 | 0100 0001 

  0x000001923a9e6614: ;   {metadata(method data for {method} {0x0000019252000638} '<init>' '()V' in 'java/lang/Object')}
  0x000001923a9e6614: 48ba 28f6 | 2852 9201 | 0000 8bb2 | cc00 0000 | 83c6 0289 | b2cc 0000 | 0081 e6fe | ff1f 0085 
  0x000001923a9e6634: f60f 84a0 

  0x000001923a9e6638: ;   {oop(a 'java/lang/Object'[0] {0x000000070061c778})}
  0x000001923a9e6638: 3000 0048 | ba78 c761 | 0007 0000 | 0041 0fbe | 5740 85d2 | 0f85 aa30 

  0x000001923a9e6650: ;   {oop(a 'java/lang/Object'[0] {0x000000070061c778})}
  0x000001923a9e6650: 0000 49ba | 78c7 6100 | 0700 0000 | 49c1 ea03 | 4489 5014 

  0x000001923a9e6664: ;   {oop(a 'java/lang/Object'[0] {0x000000070061c778})}
  0x000001923a9e6664: 48ba 78c7 | 6100 0700 | 0000 488b | f048 33f2 | 48c1 ee15 | 4883 fe00 | 0f85 9930 | 0000 483b 
  0x000001923a9e6684: 0348 8bd3 

  0x000001923a9e6688: ;   {metadata(method data for {method} {0x000001926d1743f8} 'computeQualifiersForOverride' '(Lorg/jetbrains/kotlin/load/java/typeEnhancement/JavaTypeQualifiers;Ljava/util/Collection;ZZZ)Lorg/jetbrains/kotlin/load/java/typeEnhancement/JavaTypeQualifiers;' in 'org/jetbrains/kotlin/load/java/typeEnhancement/TypeEnhancementUtilsKt')}
  0x000001923a9e6688: 48be 30d7 | 6f0e 9201 | 0000 8b52 | 0849 ba00 | 0000 0008 | 0000 0049 | 03d2 483b | 96c0 0100 
  0x000001923a9e66a8: 0075 0d48 | 8386 c801 | 0000 01e9 | 6000 0000 | 483b 96d0 | 0100 0075 | 0d48 8386 | d801 0000 
  0x000001923a9e66c8: 01e9 4a00 | 0000 4883 | bec0 0100 | 0000 7517 | 4889 96c0 | 0100 0048 | c786 c801 | 0000 0100 
  0x000001923a9e66e8: 0000 e929 | 0000 0048 | 83be d001 | 0000 0075 | 1748 8996 | d001 0000 | 48c7 86d8 | 0100 0001 
  0x000001923a9e6708: 0000 00e9 | 0800 0000 | 4883 86b0 | 0100 0001 | 488b d366 | 9048 b810 | 7e05 0008 

  0x000001923a9e6724: ;   {virtual_call}
  0x000001923a9e6724: 0000 00e8 

  0x000001923a9e6728: ; ImmutableOopMap {[168]=Oop [176]=Oop [208]=Oop }
                      ;*invokeinterface iterator {reexecute=0 rethrow=0 return_oop=0}
                      ; - org.jetbrains.kotlin.load.java.typeEnhancement.TypeEnhancementUtilsKt::computeQualifiersForOverride@49 (line 84)
  0x000001923a9e6728: 740d 6807 

  0x000001923a9e672c: ;   {other}
  0x000001923a9e672c: 0f1f 8400 | 1c0f 0006 | 4889 8424 | d800 0000 | 0f1f 4000 

  0x000001923a9e6740: ; implicit exception: dispatches to 0x000001923a9e9738
  0x000001923a9e6740: 483b 0048 

  0x000001923a9e6744: ;   {metadata(method data for {method} {0x000001926d1743f8} 'computeQualifiersForOverride' '(Lorg/jetbrains/kotlin/load/java/typeEnhancement/JavaTypeQualifiers;Ljava/util/Collection;ZZZ)Lorg/jetbrains/kotlin/load/java/typeEnhancement/JavaTypeQualifiers;' in 'org/jetbrains/kotlin/load/java/typeEnhancement/TypeEnhancementUtilsKt')}
  0x000001923a9e6744: 8bd0 48bf | 30d7 6f0e | 9201 0000 | 8b52 0849 | ba00 0000 | 0008 0000 | 0049 03d2 | 483b 97f8 
  0x000001923a9e6764: 0100 0075 | 0d48 8387 | 0002 0000 | 01e9 6000 | 0000 483b | 9708 0200 | 0075 0d48 | 8387 1002 
  0x000001923a9e6784: 0000 01e9 | 4a00 0000 | 4883 bff8 | 0100 0000 | 7517 4889 | 97f8 0100 | 0048 c787 | 0002 0000 
  0x000001923a9e67a4: 0100 0000 | e929 0000 | 0048 83bf | 0802 0000 | 0075 1748 | 8997 0802 | 0000 48c7 | 8710 0200 
  0x000001923a9e67c4: 0001 0000 | 00e9 0800 | 0000 4883 | 87e8 0100 | 0001 488b | d00f 1f40 | 0048 b8c0 | 8901 0008 
  0x000001923a9e67e4: ;   {virtual_call}
  0x000001923a9e67e4: 0000 00e8 

  0x000001923a9e67e8: ; ImmutableOopMap {[168]=Oop [176]=Oop [208]=Oop [216]=Oop }
                      ;*invokeinterface hasNext {reexecute=0 rethrow=0 return_oop=0}
                      ; - org.jetbrains.kotlin.load.java.typeEnhancement.TypeEnhancementUtilsKt::computeQualifiersForOverride@58 (line 84)
  0x000001923a9e67e8: 3434 6007 

  0x000001923a9e67ec: ;   {other}
  0x000001923a9e67ec: 0f1f 8400 | dc0f 0007 

  0x000001923a9e67f4: ;   {metadata(method data for {method} {0x000001926d1743f8} 'computeQualifiersForOverride' '(Lorg/jetbrains/kotlin/load/java/typeEnhancement/JavaTypeQualifiers;Ljava/util/Collection;ZZZ)Lorg/jetbrains/kotlin/load/java/typeEnhancement/JavaTypeQualifiers;' in 'org/jetbrains/kotlin/load/java/typeEnhancement/TypeEnhancementUtilsKt')}
  0x000001923a9e67f4: 85c0 48ba | 30d7 6f0e | 9201 0000 | 48c7 c620 | 0200 0074 | 0748 c7c6 | 3002 0000 | 488b 3c32 
  0x000001923a9e6814: 488d 7f01 | 4889 3c32 | 0f84 3006 | 0000 488b | 8424 d800 

  0x000001923a9e6828: ;   {metadata(method data for {method} {0x000001926d1743f8} 'computeQualifiersForOverride' '(Lorg/jetbrains/kotlin/load/java/typeEnhancement/JavaTypeQualifiers;Ljava/util/Collection;ZZZ)Lorg/jetbrains/kotlin/load/java/typeEnhancement/JavaTypeQualifiers;' in 'org/jetbrains/kotlin/load/java/typeEnhancement/TypeEnhancementUtilsKt')}
  0x000001923a9e6828: 0000 48ba | 30d7 6f0e | 9201 0000 | 8b40 0849 | ba00 0000 | 0008 0000 | 0049 03c2 | 483b 8250 
  0x000001923a9e6848: 0200 0075 | 0d48 8382 | 5802 0000 | 01e9 6000 | 0000 483b | 8260 0200 | 0075 0d48 | 8382 6802 
  0x000001923a9e6868: 0000 01e9 | 4a00 0000 | 4883 ba50 | 0200 0000 | 7517 4889 | 8250 0200 | 0048 c782 | 5802 0000 
  0x000001923a9e6888: 0100 0000 | e929 0000 | 0048 83ba | 6002 0000 | 0075 1748 | 8982 6002 | 0000 48c7 | 8268 0200 
  0x000001923a9e68a8: 0001 0000 | 00e9 0800 | 0000 4883 | 8240 0200 | 0001 488b | 9424 d800 | 0000 6666 | 9048 b8c0 
  0x000001923a9e68c8: 8901 0008 

  0x000001923a9e68cc: ;   {virtual_call}
  0x000001923a9e68cc: 0000 00e8 

  0x000001923a9e68d0: ; ImmutableOopMap {[168]=Oop [176]=Oop [208]=Oop [216]=Oop }
                      ;*invokeinterface next {reexecute=0 rethrow=0 return_oop=0}
                      ; - org.jetbrains.kotlin.load.java.typeEnhancement.TypeEnhancementUtilsKt::computeQualifiersForOverride@68 (line 84)
  0x000001923a9e68d0: 4c5a 6207 

  0x000001923a9e68d4: ;   {other}
  0x000001923a9e68d4: 0f1f 8400 | c410 0008 | 4885 c075 

  0x000001923a9e68e0: ;   {metadata(method data for {method} {0x000001926d1743f8} 'computeQualifiersForOverride' '(Lorg/jetbrains/kotlin/load/java/typeEnhancement/JavaTypeQualifiers;Ljava/util/Collection;ZZZ)Lorg/jetbrains/kotlin/load/java/typeEnhancement/JavaTypeQualifiers;' in 'org/jetbrains/kotlin/load/java/typeEnhancement/TypeEnhancementUtilsKt')}
  0x000001923a9e68e0: 1648 be30 | d76f 0e92 | 0100 0080 | 8e71 0200 | 0001 e9cc 

  0x000001923a9e68f4: ;   {metadata('org/jetbrains/kotlin/load/java/typeEnhancement/JavaTypeQualifiers')}
  0x000001923a9e68f4: 0000 0048 | bf08 a4bf | 0208 0000 | 008b 5008 | 49ba 0000 | 0000 0800 | 0000 4903 | d248 3bfa 
  0x000001923a9e6914: 0f85 8d00 

  0x000001923a9e6918: ;   {metadata(method data for {method} {0x000001926d1743f8} 'computeQualifiersForOverride' '(Lorg/jetbrains/kotlin/load/java/typeEnhancement/JavaTypeQualifiers;Ljava/util/Collection;ZZZ)Lorg/jetbrains/kotlin/load/java/typeEnhancement/JavaTypeQualifiers;' in 'org/jetbrains/kotlin/load/java/typeEnhancement/TypeEnhancementUtilsKt')}
  0x000001923a9e6918: 0000 48be | 30d7 6f0e | 9201 0000 | 8b78 0849 | ba00 0000 | 0008 0000 | 0049 03fa | 483b be88 
  0x000001923a9e6938: 0200 0075 | 0d48 8386 | 9002 0000 | 01e9 7900 | 0000 483b | be98 0200 | 0075 0d48 | 8386 a002 
  0x000001923a9e6958: 0000 01e9 | 6300 0000 | 4883 be88 | 0200 0000 | 7517 4889 | be88 0200 | 0048 c786 | 9002 0000 
  0x000001923a9e6978: 0100 0000 | e942 0000 | 0048 83be | 9802 0000 | 0075 1748 | 89be 9802 | 0000 48c7 | 86a0 0200 
  0x000001923a9e6998: 0001 0000 | 00e9 2100 | 0000 e91c 

  0x000001923a9e69a4: ;   {metadata(method data for {method} {0x000001926d1743f8} 'computeQualifiersForOverride' '(Lorg/jetbrains/kotlin/load/java/typeEnhancement/JavaTypeQualifiers;Ljava/util/Collection;ZZZ)Lorg/jetbrains/kotlin/load/java/typeEnhancement/JavaTypeQualifiers;' in 'org/jetbrains/kotlin/load/java/typeEnhancement/TypeEnhancementUtilsKt')}
  0x000001923a9e69a4: 0000 0048 | be30 d76f | 0e92 0100 | 0048 83ae | 7802 0000 | 01e9 7f2d | 0000 e900 | 0000 004c 
  0x000001923a9e69c4: ;   {metadata(method data for {method} {0x000001926d1743f8} 'computeQualifiersForOverride' '(Lorg/jetbrains/kotlin/load/java/typeEnhancement/JavaTypeQualifiers;Ljava/util/Collection;ZZZ)Lorg/jetbrains/kotlin/load/java/typeEnhancement/JavaTypeQualifiers;' in 'org/jetbrains/kotlin/load/java/typeEnhancement/TypeEnhancementUtilsKt')}
  0x000001923a9e69c4: 8bc0 48ba | 30d7 6f0e | 9201 0000 | 4883 82b0 | 0200 0001 

  0x000001923a9e69d8: ;   {metadata(method data for {method} {0x000001926d173d68} 'getNullabilityForErrors' '(Lorg/jetbrains/kotlin/load/java/typeEnhancement/JavaTypeQualifiers;)Lorg/jetbrains/kotlin/load/java/typeEnhancement/NullabilityQualifier;' in 'org/jetbrains/kotlin/load/java/typeEnhancement/TypeEnhancementUtilsKt')}
  0x000001923a9e69d8: 48ba 60bb | 447c 9201 | 0000 8bb2 | cc00 0000 | 83c6 0289 | b2cc 0000 | 0081 e6fe | ff1f 0085 
  0x000001923a9e69f8: f60f 8447 | 2d00 0049 | 3b00 498b 

  0x000001923a9e6a04: ;   {metadata(method data for {method} {0x000001926d173d68} 'getNullabilityForErrors' '(Lorg/jetbrains/kotlin/load/java/typeEnhancement/JavaTypeQualifiers;)Lorg/jetbrains/kotlin/load/java/typeEnhancement/NullabilityQualifier;' in 'org/jetbrains/kotlin/load/java/typeEnhancement/TypeEnhancementUtilsKt')}
  0x000001923a9e6a04: d048 be60 | bb44 7c92 | 0100 0048 | 8386 1001 | 0000 0141 | 0fbe 500d | 83e2 0185 

  0x000001923a9e6a20: ;   {metadata(method data for {method} {0x000001926d173d68} 'getNullabilityForErrors' '(Lorg/jetbrains/kotlin/load/java/typeEnhancement/JavaTypeQualifiers;)Lorg/jetbrains/kotlin/load/java/typeEnhancement/NullabilityQualifier;' in 'org/jetbrains/kotlin/load/java/typeEnhancement/TypeEnhancementUtilsKt')}
  0x000001923a9e6a20: d248 ba60 | bb44 7c92 | 0100 0048 | c7c6 4801 | 0000 7407 | 48c7 c658 | 0100 0048 | 8b3c 3248 
  0x000001923a9e6a40: 8d7f 0148 | 893c 320f | 8420 0000 

  0x000001923a9e6a4c: ;   {metadata(method data for {method} {0x000001926d173d68} 'getNullabilityForErrors' '(Lorg/jetbrains/kotlin/load/java/typeEnhancement/JavaTypeQualifiers;)Lorg/jetbrains/kotlin/load/java/typeEnhancement/NullabilityQualifier;' in 'org/jetbrains/kotlin/load/java/typeEnhancement/TypeEnhancementUtilsKt')}
  0x000001923a9e6a4c: 0049 b860 | bb44 7c92 | 0100 0041 | ff80 6801 

  0x000001923a9e6a5c: ;   {oop(nullptr)}
  0x000001923a9e6a5c: 0000 48be | 0000 0000 | 0000 0000 | e920 0000 | 0049 8bd0 

  0x000001923a9e6a70: ;   {metadata(method data for {method} {0x000001926d173d68} 'getNullabilityForErrors' '(Lorg/jetbrains/kotlin/load/java/typeEnhancement/JavaTypeQualifiers;)Lorg/jetbrains/kotlin/load/java/typeEnhancement/NullabilityQualifier;' in 'org/jetbrains/kotlin/load/java/typeEnhancement/TypeEnhancementUtilsKt')}
  0x000001923a9e6a70: 48be 60bb | 447c 9201 | 0000 4883 | 8680 0100 | 0001 458b | 4010 49c1 | e003 498b | f048 85f6 
  0x000001923a9e6a90: ;   {metadata(method data for {method} {0x000001926d1743f8} 'computeQualifiersForOverride' '(Lorg/jetbrains/kotlin/load/java/typeEnhancement/JavaTypeQualifiers;Ljava/util/Collection;ZZZ)Lorg/jetbrains/kotlin/load/java/typeEnhancement/JavaTypeQualifiers;' in 'org/jetbrains/kotlin/load/java/typeEnhancement/TypeEnhancementUtilsKt')}
  0x000001923a9e6a90: 49b8 30d7 | 6f0e 9201 | 0000 48c7 | c2c0 0200 | 0074 0748 | c7c2 d002 | 0000 498b | 3c10 488d 
  0x000001923a9e6ab0: 7f01 4989 | 3c10 488b | 8424 d000 | 0000 0f84 | 4003 0000 

  0x000001923a9e6ac4: ;   {metadata(method data for {method} {0x000001926d1743f8} 'computeQualifiersForOverride' '(Lorg/jetbrains/kotlin/load/java/typeEnhancement/JavaTypeQualifiers;Ljava/util/Collection;ZZZ)Lorg/jetbrains/kotlin/load/java/typeEnhancement/JavaTypeQualifiers;' in 'org/jetbrains/kotlin/load/java/typeEnhancement/TypeEnhancementUtilsKt')}
  0x000001923a9e6ac4: 4c8b c048 | ba30 d76f | 0e92 0100 | 0045 8b40 | 0849 ba00 | 0000 0008 | 0000 004d | 03c2 4c3b 
  0x000001923a9e6ae4: 82f0 0200 | 0075 0d48 | 8382 f802 | 0000 01e9 | 6000 0000 | 4c3b 8200 | 0300 0075 | 0d48 8382 
  0x000001923a9e6b04: 0803 0000 | 01e9 4a00 | 0000 4883 | baf0 0200 | 0000 7517 | 4c89 82f0 | 0200 0048 | c782 f802 
  0x000001923a9e6b24: 0000 0100 | 0000 e929 | 0000 0048 | 83ba 0003 | 0000 0075 | 174c 8982 | 0003 0000 | 48c7 8208 
  0x000001923a9e6b44: 0300 0001 | 0000 00e9 | 0800 0000 | 4883 82e0 | 0200 0001 

  0x000001923a9e6b58: ;   {metadata(method data for {method} {0x000001925211b460} 'add' '(Ljava/lang/Object;)Z' in 'java/util/ArrayList')}
  0x000001923a9e6b58: 49b8 f0a9 | 6252 9201 | 0000 418b | 90cc 0000 | 0083 c202 | 4189 90cc | 0000 0081 | e2fe ff1f 
  0x000001923a9e6b78: 0085 d20f | 84eb 2b00 | 0044 8b40 | 0c41 ffc0 | 4489 400c | 448b 4014 | 49c1 e003 | 8b78 1048 
  0x000001923a9e6b98: ;   {metadata(method data for {method} {0x000001925211b460} 'add' '(Ljava/lang/Object;)Z' in 'java/util/ArrayList')}
  0x000001923a9e6b98: 8bd0 48bb | f0a9 6252 | 9201 0000 | 4883 8310 | 0100 0001 

  0x000001923a9e6bac: ;   {metadata(method data for {method} {0x000001925211b388} 'add' '(Ljava/lang/Object;[Ljava/lang/Object;I)V' in 'java/util/ArrayList')}
  0x000001923a9e6bac: 48ba 80ab | 6252 9201 | 0000 8b9a | cc00 0000 | 83c3 0289 | 9acc 0000 | 0081 e3fe | ff1f 0085 
  0x000001923a9e6bcc: db0f 84ba | 2b00 0041 | 8b50 0c3b 

  0x000001923a9e6bd8: ;   {metadata(method data for {method} {0x000001925211b388} 'add' '(Ljava/lang/Object;[Ljava/lang/Object;I)V' in 'java/util/ArrayList')}
  0x000001923a9e6bd8: fa48 ba80 | ab62 5292 | 0100 0048 | c7c3 1001 | 0000 7507 | 48c7 c320 | 0100 0048 | 8b0c 1a48 
  0x000001923a9e6bf8: 8d49 0148 | 890c 1a0f | 8599 0000 | 0048 89b4 | 24e0 0000 | 004c 8bc0 

  0x000001923a9e6c10: ;   {metadata(method data for {method} {0x000001925211b388} 'add' '(Ljava/lang/Object;[Ljava/lang/Object;I)V' in 'java/util/ArrayList')}
  0x000001923a9e6c10: 48ba 80ab | 6252 9201 | 0000 4883 | 8230 0100 

  0x000001923a9e6c20: ;   {metadata(method data for {method} {0x000001925211a5b0} 'grow' '()[Ljava/lang/Object;' in 'java/util/ArrayList')}
  0x000001923a9e6c20: 0001 49b8 | 78ad 6252 | 9201 0000 | 418b 90cc | 0000 0083 | c202 4189 | 90cc 0000 | 0081 e2fe 
  0x000001923a9e6c40: ff1f 0085 | d20f 8468 | 2b00 004c 

  0x000001923a9e6c4c: ;   {metadata(method data for {method} {0x000001925211a5b0} 'grow' '()[Ljava/lang/Object;' in 'java/util/ArrayList')}
  0x000001923a9e6c4c: 8bc0 48ba | 78ad 6252 | 9201 0000 | 4883 8210 | 0100 0001 | 4c8b c741 | ffc0 488b | d089 bc24 
  0x000001923a9e6c6c: c400 0000 | 0f1f 8000 

  0x000001923a9e6c74: ;   {optimized virtual_call}
  0x000001923a9e6c74: 0000 00e8 

  0x000001923a9e6c78: ; ImmutableOopMap {[168]=Oop [176]=Oop [208]=Oop [216]=Oop [224]=Oop }
                      ;*invokevirtual grow {reexecute=0 rethrow=0 return_oop=0}
                      ; - java.util.ArrayList::grow@7
                      ; - java.util.ArrayList::add@7
                      ; - java.util.ArrayList::add@20
                      ; - org.jetbrains.kotlin.load.java.typeEnhancement.TypeEnhancementUtilsKt::computeQualifiersForOverride@110 (line 83)
  0x000001923a9e6c78: 64f4 8b07 

  0x000001923a9e6c7c: ;   {other}
  0x000001923a9e6c7c: 0f1f 8400 | 6c14 0009 | 4c8b c08b | bc24 c400 | 0000 488b | b424 e000 | 0000 488b | 8424 d000 
  0x000001923a9e6c9c: 0000 413b | 780c 0f83 | 362b 0000 | 4885 f675 

  0x000001923a9e6cac: ;   {metadata(method data for {method} {0x000001925211b388} 'add' '(Ljava/lang/Object;[Ljava/lang/Object;I)V' in 'java/util/ArrayList')}
  0x000001923a9e6cac: 1648 bb80 | ab62 5292 | 0100 0080 | 8b61 0100 | 0001 e9f9 | 0000 0041 | 8b50 0849 | ba00 0000 
  0x000001923a9e6ccc: 0008 0000 | 0049 03d2 | 8b5e 0849 | ba00 0000 | 0008 0000 | 0049 03da | 488b 9210 | 0100 0048 
  0x000001923a9e6cec: 3bda 0f84 | 2700 0000 | 8b4a 1448 | 3b14 0b0f | 841a 0000 | 0083 f920 | 0f85 9b00 | 0000 5352 
  0x000001923a9e6d0c: ;   {runtime_call slow_subtype_check Runtime1 stub}
  0x000001923a9e6d0c: e86f 0e0b | 075b 5a85 | d20f 848a 

  0x000001923a9e6d18: ;   {metadata(method data for {method} {0x000001925211b388} 'add' '(Ljava/lang/Object;[Ljava/lang/Object;I)V' in 'java/util/ArrayList')}
  0x000001923a9e6d18: 0000 0048 | bb80 ab62 | 5292 0100 | 008b 5608 | 49ba 0000 | 0000 0800 | 0000 4903 | d248 3b93 
  0x000001923a9e6d38: 7801 0000 | 750d 4883 | 8380 0100 | 0001 e971 | 0000 0048 | 3b93 8801 | 0000 750d | 4883 8390 
  0x000001923a9e6d58: 0100 0001 | e95b 0000 | 0048 83bb | 7801 0000 | 0075 1748 | 8993 7801 | 0000 48c7 | 8380 0100 
  0x000001923a9e6d78: 0001 0000 | 00e9 3a00 | 0000 4883 | bb88 0100 | 0000 7517 | 4889 9388 | 0100 0048 | c783 9001 
  0x000001923a9e6d98: 0000 0100 | 0000 e919 | 0000 00eb 

  0x000001923a9e6da4: ;   {metadata(method data for {method} {0x000001925211b388} 'add' '(Ljava/lang/Object;[Ljava/lang/Object;I)V' in 'java/util/ArrayList')}
  0x000001923a9e6da4: 1748 bb80 | ab62 5292 | 0100 0048 | 83ab 6801 | 0000 01e9 | 352a 0000 | 4863 d749 | 8d54 9010 
  0x000001923a9e6dc4: 410f be5f | 4085 db0f | 8529 2a00 | 004c 8bd6 | 49c1 ea03 | 4489 1248 | 8bda 4833 | de48 c1eb 
  0x000001923a9e6de4: 1548 83fb | 000f 8529 | 2a00 00ff | c789 7810 

  0x000001923a9e6df4: ;   {metadata(method data for {method} {0x000001926d1743f8} 'computeQualifiersForOverride' '(Lorg/jetbrains/kotlin/load/java/typeEnhancement/JavaTypeQualifiers;Ljava/util/Collection;ZZZ)Lorg/jetbrains/kotlin/load/java/typeEnhancement/JavaTypeQualifiers;' in 'org/jetbrains/kotlin/load/java/typeEnhancement/TypeEnhancementUtilsKt')}
  0x000001923a9e6df4: 48ba 30d7 | 6f0e 9201 | 0000 ff82 | 1803 0000 

  0x000001923a9e6e04: ;   {metadata(method data for {method} {0x000001926d1743f8} 'computeQualifiersForOverride' '(Lorg/jetbrains/kotlin/load/java/typeEnhancement/JavaTypeQualifiers;Ljava/util/Collection;ZZZ)Lorg/jetbrains/kotlin/load/java/typeEnhancement/JavaTypeQualifiers;' in 'org/jetbrains/kotlin/load/java/typeEnhancement/TypeEnhancementUtilsKt')}
  0x000001923a9e6e04: 48ba 30d7 | 6f0e 9201 | 0000 8bb2 | d000 0000 | 83c6 0289 | b2d0 0000 | 0081 e6fe | 3f00 0085 
  0x000001923a9e6e24: f60f 8405 | 2a00 004d | 8b97 5804 

  0x000001923a9e6e30: ; ImmutableOopMap {rax=Oop [168]=Oop [176]=Oop [208]=Oop [216]=Oop }
                      ;*goto {reexecute=1 rethrow=0 return_oop=0}
                      ; - (reexecute) org.jetbrains.kotlin.load.java.typeEnhancement.TypeEnhancementUtilsKt::computeQualifiersForOverride@121 (line 84)
                      ;   {poll}
  0x000001923a9e6e30: 0000 4185 

  0x000001923a9e6e34: ;   {metadata(method data for {method} {0x000001926d1743f8} 'computeQualifiersForOverride' '(Lorg/jetbrains/kotlin/load/java/typeEnhancement/JavaTypeQualifiers;Ljava/util/Collection;ZZZ)Lorg/jetbrains/kotlin/load/java/typeEnhancement/JavaTypeQualifiers;' in 'org/jetbrains/kotlin/load/java/typeEnhancement/TypeEnhancementUtilsKt')}
  0x000001923a9e6e34: 0248 ba30 | d76f 0e92 | 0100 00ff | 8230 0300 | 0048 8b84 | 24d8 0000 | 00e9 eef8 | ffff 488b 
  0x000001923a9e6e54: 8424 d000 

  0x000001923a9e6e58: ;   {metadata(method data for {method} {0x000001926d1743f8} 'computeQualifiersForOverride' '(Lorg/jetbrains/kotlin/load/java/typeEnhancement/JavaTypeQualifiers;Ljava/util/Collection;ZZZ)Lorg/jetbrains/kotlin/load/java/typeEnhancement/JavaTypeQualifiers;' in 'org/jetbrains/kotlin/load/java/typeEnhancement/TypeEnhancementUtilsKt')}
  0x000001923a9e6e58: 0000 48be | 30d7 6f0e | 9201 0000 | 4883 86b8 | 0300 0001 

  0x000001923a9e6e6c: ;   {static_call}
  0x000001923a9e6e6c: 488b d0e8 

  0x000001923a9e6e70: ; ImmutableOopMap {[168]=Oop [176]=Oop }
                      ;*invokestatic toSet {reexecute=0 rethrow=0 return_oop=0}
                      ; - org.jetbrains.kotlin.load.java.typeEnhancement.TypeEnhancementUtilsKt::computeQualifiersForOverride@134 (line 43)
  0x000001923a9e6e70: cc4d 1d08 

  0x000001923a9e6e74: ;   {other}
  0x000001923a9e6e74: 0f1f 8400 | 6416 000b 

  0x000001923a9e6e7c: ;   {metadata(method data for {method} {0x000001926d1743f8} 'computeQualifiersForOverride' '(Lorg/jetbrains/kotlin/load/java/typeEnhancement/JavaTypeQualifiers;Ljava/util/Collection;ZZZ)Lorg/jetbrains/kotlin/load/java/typeEnhancement/JavaTypeQualifiers;' in 'org/jetbrains/kotlin/load/java/typeEnhancement/TypeEnhancementUtilsKt')}
  0x000001923a9e6e7c: 48ba 30d7 | 6f0e 9201 | 0000 4883 | 82c8 0300 

  0x000001923a9e6e8c: ;   {metadata(method data for {method} {0x000001926d173d68} 'getNullabilityForErrors' '(Lorg/jetbrains/kotlin/load/java/typeEnhancement/JavaTypeQualifiers;)Lorg/jetbrains/kotlin/load/java/typeEnhancement/NullabilityQualifier;' in 'org/jetbrains/kotlin/load/java/typeEnhancement/TypeEnhancementUtilsKt')}
  0x000001923a9e6e8c: 0001 48ba | 60bb 447c | 9201 0000 | 448b 82cc | 0000 0041 | 83c0 0244 | 8982 cc00 | 0000 4181 
  0x000001923a9e6eac: e0fe ff1f | 0045 85c0 | 0f84 9729 | 0000 488b | 9424 b000 | 0000 483b | 024c 8bc2 

  0x000001923a9e6ec8: ;   {metadata(method data for {method} {0x000001926d173d68} 'getNullabilityForErrors' '(Lorg/jetbrains/kotlin/load/java/typeEnhancement/JavaTypeQualifiers;)Lorg/jetbrains/kotlin/load/java/typeEnhancement/NullabilityQualifier;' in 'org/jetbrains/kotlin/load/java/typeEnhancement/TypeEnhancementUtilsKt')}
  0x000001923a9e6ec8: 49b9 60bb | 447c 9201 | 0000 4983 | 8110 0100 | 0001 440f | be42 0d41 | 83e0 0145 

  0x000001923a9e6ee4: ;   {metadata(method data for {method} {0x000001926d173d68} 'getNullabilityForErrors' '(Lorg/jetbrains/kotlin/load/java/typeEnhancement/JavaTypeQualifiers;)Lorg/jetbrains/kotlin/load/java/typeEnhancement/NullabilityQualifier;' in 'org/jetbrains/kotlin/load/java/typeEnhancement/TypeEnhancementUtilsKt')}
  0x000001923a9e6ee4: 85c0 49b8 | 60bb 447c | 9201 0000 | 49c7 c148 | 0100 0074 | 0749 c7c1 | 5801 0000 | 4b8b 3408 
  0x000001923a9e6f04: 488d 7601 | 4b89 3408 | 0f84 2000 

  0x000001923a9e6f10: ;   {metadata(method data for {method} {0x000001926d173d68} 'getNullabilityForErrors' '(Lorg/jetbrains/kotlin/load/java/typeEnhancement/JavaTypeQualifiers;)Lorg/jetbrains/kotlin/load/java/typeEnhancement/NullabilityQualifier;' in 'org/jetbrains/kotlin/load/java/typeEnhancement/TypeEnhancementUtilsKt')}
  0x000001923a9e6f10: 0000 49b8 | 60bb 447c | 9201 0000 | 41ff 8068 

  0x000001923a9e6f20: ;   {oop(nullptr)}
  0x000001923a9e6f20: 0100 0049 | b800 0000 | 0000 0000 | 00e9 1d00 | 0000 4c8b 

  0x000001923a9e6f34: ;   {metadata(method data for {method} {0x000001926d173d68} 'getNullabilityForErrors' '(Lorg/jetbrains/kotlin/load/java/typeEnhancement/JavaTypeQualifiers;)Lorg/jetbrains/kotlin/load/java/typeEnhancement/NullabilityQualifier;' in 'org/jetbrains/kotlin/load/java/typeEnhancement/TypeEnhancementUtilsKt')}
  0x000001923a9e6f34: c249 b960 | bb44 7c92 | 0100 0049 | 8381 8001 | 0000 0144 | 8b42 1049 

  0x000001923a9e6f4c: ;   {metadata(method data for {method} {0x000001926d1743f8} 'computeQualifiersForOverride' '(Lorg/jetbrains/kotlin/load/java/typeEnhancement/JavaTypeQualifiers;Ljava/util/Collection;ZZZ)Lorg/jetbrains/kotlin/load/java/typeEnhancement/JavaTypeQualifiers;' in 'org/jetbrains/kotlin/load/java/typeEnhancement/TypeEnhancementUtilsKt')}
  0x000001923a9e6f4c: c1e0 0349 | b930 d76f | 0e92 0100 | 0049 8381 | d803 0000 | 0148 8bd0 | 448b 8c24 | b800 0000 
  0x000001923a9e6f6c: ;   {static_call}
  0x000001923a9e6f6c: 6666 90e8 

  0x000001923a9e6f70: ; ImmutableOopMap {[168]=Oop [176]=Oop }
                      ;*invokestatic select {reexecute=0 rethrow=0 return_oop=0}
                      ; - org.jetbrains.kotlin.load.java.typeEnhancement.TypeEnhancementUtilsKt::computeQualifiersForOverride@142 (line 44)
  0x000001923a9e6f70: 4c6e 6101 

  0x000001923a9e6f74: ;   {other}
  0x000001923a9e6f74: 0f1f 8400 | 6417 000c 

  0x000001923a9e6f7c: ;   {metadata(method data for {method} {0x000001926d1743f8} 'computeQualifiersForOverride' '(Lorg/jetbrains/kotlin/load/java/typeEnhancement/JavaTypeQualifiers;Ljava/util/Collection;ZZZ)Lorg/jetbrains/kotlin/load/java/typeEnhancement/JavaTypeQualifiers;' in 'org/jetbrains/kotlin/load/java/typeEnhancement/TypeEnhancementUtilsKt')}
  0x000001923a9e6f7c: 4885 c048 | ba30 d76f | 0e92 0100 | 0048 c7c6 | f803 0000 | 7407 48c7 | c6e8 0300 | 0048 8b3c 
  0x000001923a9e6f9c: 3248 8d7f | 0148 893c | 320f 8418 | 0000 0048 | 8bd8 4889 | 9c24 1801 | 0000 4889 | 8424 f000 
  0x000001923a9e6fbc: 0000 e95c | 0a00 0048 | 8984 24f0 | 0000 004c | 8b84 24a8 | 0000 004d | 85c0 7516 

  0x000001923a9e6fd8: ;   {metadata(method data for {method} {0x000001926d1743f8} 'computeQualifiersForOverride' '(Lorg/jetbrains/kotlin/load/java/typeEnhancement/JavaTypeQualifiers;Ljava/util/Collection;ZZZ)Lorg/jetbrains/kotlin/load/java/typeEnhancement/JavaTypeQualifiers;' in 'org/jetbrains/kotlin/load/java/typeEnhancement/TypeEnhancementUtilsKt')}
  0x000001923a9e6fd8: 48be 30d7 | 6f0e 9201 | 0000 808e | 0104 0000 | 01e9 e900 

  0x000001923a9e6fec: ;   {metadata('java/lang/Iterable')}
  0x000001923a9e6fec: 0000 48bf | 4869 0500 | 0800 0000 | 418b 7008 | 49ba 0000 | 0000 0800 | 0000 4903 | f248 3b7e 
  0x000001923a9e700c: 200f 841a | 0000 0048 | 3bf7 0f84 | 1100 0000 

  0x000001923a9e701c: ;   {runtime_call slow_subtype_check Runtime1 stub}
  0x000001923a9e701c: 5657 e85d | 0b0b 075e | 5e85 f60f | 848e 0000 

  0x000001923a9e702c: ;   {metadata(method data for {method} {0x000001926d1743f8} 'computeQualifiersForOverride' '(Lorg/jetbrains/kotlin/load/java/typeEnhancement/JavaTypeQualifiers;Ljava/util/Collection;ZZZ)Lorg/jetbrains/kotlin/load/java/typeEnhancement/JavaTypeQualifiers;' in 'org/jetbrains/kotlin/load/java/typeEnhancement/TypeEnhancementUtilsKt')}
  0x000001923a9e702c: 0048 be30 | d76f 0e92 | 0100 0041 | 8b78 0849 | ba00 0000 | 0700 0040 | 0140 0000 | 0000 0000 
  0x000001923a9e704c: 0001 4000 | 1000 0400 | 03c0 0030 | 000c 0005 | 4001 5000 | 1400 0000 | 0000 0000 | 0001 8000 
  0x000001923a9e706c: 2000 0800 | 03c0 0030 | 000c 0005 | 4001 5000 | 1400 0000 | 0000 001b | 0000 001b | 0000 001b 
  0x000001923a9e708c: 0000 001b | 0101 011e | 0101 011e | 0101 011e | 0101 011e | 0b0b 0b2a | 0b0b 0b2a | 0b0b 0b2a 
  0x000001923a9e70ac: 0b0b 0b2a | 291c 1eb8 | 291c 1eb8 
[error occurred during error reporting (printing code blobs if possible), id 0xc0000005, EXCEPTION_ACCESS_VIOLATION (0xc0000005) at pc=0x00007ff832b00854]

---------------  P R O C E S S  ---------------

Threads class SMR info:
_java_thread_list=0x000001927e9f5fb0, length=60, elements={
0x00000192372fb8b0, 0x0000019251839090, 0x000001925183b710, 0x000001925183bd80,
0x0000019251847100, 0x0000019251859f80, 0x000001925185e600, 0x000001925185ec70,
0x000001925185f610, 0x0000019251860a00, 0x0000019251ba6bb0, 0x0000019257251b40,
0x0000019257c40380, 0x00000192591ac310, 0x0000019257cbc960, 0x0000019257cba890,
0x0000019257cbaf20, 0x0000019259e14fb0, 0x0000019259e121c0, 0x0000019259e16360,
0x000001925d33bdc0, 0x000001925a5eb410, 0x000001925c9690b0, 0x000001925c968390,
0x000001925c967670, 0x000001925c96a460, 0x000001925c96aaf0, 0x000001925a5ea6f0,
0x000001925b95ea30, 0x000001925b95dd10, 0x000001926f6433e0, 0x000001926f64bdb0,
0x0000019278a24ca0, 0x00000192736cf120, 0x0000019278714710, 0x0000019278714da0,
0x000001927efcbe80, 0x000001927f3f4eb0, 0x000001927f3f5bd0, 0x000001927e5933d0,
0x000001927e5926b0, 0x000001927e58ff50, 0x000001927e5905e0, 0x000001925ebee760,
0x000001925ebeedf0, 0x00000192089f5200, 0x00000192089f3e50, 0x00000192089f4b70,
0x00000192089f5890, 0x00000192743bf660, 0x00000192089f3130, 0x00000192089f2aa0,
0x00000192089f5f20, 0x000001927efcc510, 0x00000192743c10a0, 0x0000019274391a80,
0x00000192743befd0, 0x0000019274525940, 0x000001925ced44b0, 0x000001925ced1500
}

Java Threads: ( => current thread )
  0x00000192372fb8b0 JavaThread "main"                              [_thread_blocked, id=4012, stack(0x0000006fae700000,0x0000006fae800000) (1024K)]
  0x0000019251839090 JavaThread "Common-Cleaner"             daemon [_thread_blocked, id=22084, stack(0x0000006faef00000,0x0000006faf000000) (1024K)]
  0x000001925183b710 JavaThread "Reference Handler"          daemon [_thread_blocked, id=19932, stack(0x0000006faf000000,0x0000006faf100000) (1024K)]
  0x000001925183bd80 JavaThread "Finalizer"                  daemon [_thread_blocked, id=22376, stack(0x0000006faf100000,0x0000006faf200000) (1024K)]
  0x0000019251847100 JavaThread "Signal Dispatcher"          daemon [_thread_blocked, id=6804, stack(0x0000006faf200000,0x0000006faf300000) (1024K)]
  0x0000019251859f80 JavaThread "Attach Listener"            daemon [_thread_blocked, id=14048, stack(0x0000006faf300000,0x0000006faf400000) (1024K)]
  0x000001925185e600 JavaThread "Service Thread"             daemon [_thread_blocked, id=20280, stack(0x0000006faf400000,0x0000006faf500000) (1024K)]
  0x000001925185ec70 JavaThread "Monitor Deflation Thread"   daemon [_thread_blocked, id=15392, stack(0x0000006faf500000,0x0000006faf600000) (1024K)]
  0x000001925185f610 JavaThread "C2 CompilerThread0"         daemon [_thread_blocked, id=20680, stack(0x0000006faf600000,0x0000006faf700000) (1024K)]
  0x0000019251860a00 JavaThread "C1 CompilerThread0"         daemon [_thread_blocked, id=22380, stack(0x0000006faf700000,0x0000006faf800000) (1024K)]
  0x0000019251ba6bb0 JavaThread "Notification Thread"        daemon [_thread_blocked, id=2300, stack(0x0000006faf800000,0x0000006faf900000) (1024K)]
  0x0000019257251b40 JavaThread "Daemon health stats"               [_thread_blocked, id=22484, stack(0x0000006faff00000,0x0000006fb0000000) (1024K)]
  0x0000019257c40380 JavaThread "Incoming local TCP Connector on port 59063"        [_thread_in_native, id=17124, stack(0x0000006fb0000000,0x0000006fb0100000) (1024K)]
  0x00000192591ac310 JavaThread "Daemon periodic checks"            [_thread_blocked, id=19788, stack(0x0000006fb0100000,0x0000006fb0200000) (1024K)]
  0x0000019257cbc960 JavaThread "Cache worker for journal cache (C:\Users\Kt\.gradle\caches\journal-1)"        [_thread_blocked, id=18136, stack(0x0000006fb0f00000,0x0000006fb1000000) (1024K)]
  0x0000019257cba890 JavaThread "File lock request listener"        [_thread_in_native, id=11580, stack(0x0000006fb1000000,0x0000006fb1100000) (1024K)]
  0x0000019257cbaf20 JavaThread "Cache worker for file hash cache (C:\Users\Kt\.gradle\caches\9.4.1\fileHashes)"        [_thread_blocked, id=19356, stack(0x0000006fb1100000,0x0000006fb1200000) (1024K)]
  0x0000019259e14fb0 JavaThread "Cache worker for file content cache (C:\Users\Kt\.gradle\caches\9.4.1\fileContent)"        [_thread_blocked, id=9896, stack(0x0000006fb1500000,0x0000006fb1600000) (1024K)]
  0x0000019259e121c0 JavaThread "File watcher server"        daemon [_thread_in_native, id=17776, stack(0x0000006fb1700000,0x0000006fb1800000) (1024K)]
  0x0000019259e16360 JavaThread "File watcher consumer"      daemon [_thread_blocked, id=20852, stack(0x0000006fb1800000,0x0000006fb1900000) (1024K)]
  0x000001925d33bdc0 JavaThread "Memory manager"                    [_thread_blocked, id=21568, stack(0x0000006fb1b00000,0x0000006fb1c00000) (1024K)]
  0x000001925a5eb410 JavaThread "pool-2-thread-1"                   [_thread_blocked, id=5956, stack(0x0000006fb2500000,0x0000006fb2600000) (1024K)]
  0x000001925c9690b0 JavaThread "Java2D Disposer"            daemon [_thread_blocked, id=7912, stack(0x0000006fb2900000,0x0000006fb2a00000) (1024K)]
  0x000001925c968390 JavaThread "AWT-Windows"                daemon [_thread_in_native, id=8468, stack(0x0000006fb2b00000,0x0000006fb2c00000) (1024K)]
  0x000001925c967670 JavaThread "DefaultDispatcher-worker-1" daemon [_thread_blocked, id=8316, stack(0x0000006fb2e00000,0x0000006fb2f00000) (1024K)]
  0x000001925c96a460 JavaThread "DefaultDispatcher-worker-2" daemon [_thread_blocked, id=19128, stack(0x0000006fb2f00000,0x0000006fb3000000) (1024K)]
  0x000001925c96aaf0 JavaThread "DefaultDispatcher-worker-3" daemon [_thread_blocked, id=5644, stack(0x0000006fb3000000,0x0000006fb3100000) (1024K)]
  0x000001925a5ea6f0 JavaThread "DefaultDispatcher-worker-4" daemon [_thread_blocked, id=17856, stack(0x0000006fb3100000,0x0000006fb3200000) (1024K)]
  0x000001925b95ea30 JavaThread "Periodic tasks thread"      daemon [_thread_blocked, id=16904, stack(0x0000006fb2c00000,0x0000006fb2d00000) (1024K)]
  0x000001925b95dd10 JavaThread "ApplicationImpl pooled thread 1"        [_thread_blocked, id=8672, stack(0x0000006fb2d00000,0x0000006fb2e00000) (1024K)]
  0x000001926f6433e0 JavaThread "Cache worker for Java compile cache (C:\Users\Kt\.gradle\caches\9.4.1\javaCompile)"        [_thread_blocked, id=18276, stack(0x0000006fb3300000,0x0000006fb3400000) (1024K)]
  0x000001926f64bdb0 JavaThread "pool-7-thread-1"                   [_thread_blocked, id=5300, stack(0x0000006fb2100000,0x0000006fb2200000) (1024K)]
  0x0000019278a24ca0 JavaThread "pool-11-thread-1"                  [_thread_blocked, id=23452, stack(0x0000006fb2300000,0x0000006fb2400000) (1024K)]
  0x00000192736cf120 JavaThread "Daemon Thread 4"                   [_thread_blocked, id=12604, stack(0x0000006fae400000,0x0000006fae500000) (1024K)]
  0x0000019278714710 JavaThread "Handler for socket connection from /127.0.0.1:59063 to /127.0.0.1:50705"        [_thread_in_native, id=23208, stack(0x0000006fae500000,0x0000006fae600000) (1024K)]
  0x0000019278714da0 JavaThread "Cancel handler"                    [_thread_blocked, id=21812, stack(0x0000006fae600000,0x0000006fae700000) (1024K)]
  0x000001927efcbe80 JavaThread "Daemon worker Thread 4"            [_thread_blocked, id=24472, stack(0x0000006faf900000,0x0000006fafa00000) (1024K)]
  0x000001927f3f4eb0 JavaThread "Asynchronous log dispatcher for DefaultDaemonConnection: socket connection from /127.0.0.1:59063 to /127.0.0.1:50705"        [_thread_blocked, id=21008, stack(0x0000006fb0200000,0x0000006fb0300000) (1024K)]
  0x000001927f3f5bd0 JavaThread "Stdin handler"                     [_thread_blocked, id=7560, stack(0x0000006fb0300000,0x0000006fb0400000) (1024K)]
  0x000001927e5933d0 JavaThread "Daemon client event forwarder"        [_thread_blocked, id=11740, stack(0x0000006fb0400000,0x0000006fb0500000) (1024K)]
  0x000001927e5926b0 JavaThread "Cache worker for file hash cache (F:\AI PROJECTS\Blind App\.gradle\9.4.1\fileHashes)"        [_thread_blocked, id=7296, stack(0x0000006fb0d00000,0x0000006fb0e00000) (1024K)]
  0x000001927e58ff50 JavaThread "Cache worker for checksums cache (F:\AI PROJECTS\Blind App\.gradle\9.4.1\checksums)"        [_thread_blocked, id=5732, stack(0x0000006fb0e00000,0x0000006fb0f00000) (1024K)]
  0x000001927e5905e0 JavaThread "Cache worker for Build Output Cleanup Cache (F:\AI PROJECTS\Blind App\.gradle\buildOutputCleanup)"        [_thread_blocked, id=24344, stack(0x0000006fb0c00000,0x0000006fb0d00000) (1024K)]
  0x000001925ebee760 JavaThread "Cache worker for cache directory md-supplier (C:\Users\Kt\.gradle\caches\9.4.1\md-supplier)"        [_thread_blocked, id=7580, stack(0x0000006fb1300000,0x0000006fb1400000) (1024K)]
  0x000001925ebeedf0 JavaThread "Cache worker for cache directory md-rule (C:\Users\Kt\.gradle\caches\9.4.1\md-rule)"        [_thread_blocked, id=12980, stack(0x0000006fb1400000,0x0000006fb1500000) (1024K)]
  0x00000192089f5200 JavaThread "build event listener"              [_thread_blocked, id=20644, stack(0x0000006fb1900000,0x0000006fb1a00000) (1024K)]
  0x00000192089f3e50 JavaThread "build event listener"              [_thread_blocked, id=10620, stack(0x0000006fb1a00000,0x0000006fb1b00000) (1024K)]
  0x00000192089f4b70 JavaThread "build event listener"              [_thread_blocked, id=18712, stack(0x0000006fb1c00000,0x0000006fb1d00000) (1024K)]
  0x00000192089f5890 JavaThread "Build operations"                  [_thread_blocked, id=22152, stack(0x0000006fb1d00000,0x0000006fb1e00000) (1024K)]
  0x00000192743bf660 JavaThread "included builds"                   [_thread_blocked, id=23852, stack(0x0000006fb1600000,0x0000006fb1700000) (1024K)]
  0x00000192089f3130 JavaThread "Execution worker"                  [_thread_blocked, id=24224, stack(0x0000006fb1e00000,0x0000006fb1f00000) (1024K)]
  0x00000192089f2aa0 JavaThread "Execution worker Thread 2"         [_thread_blocked, id=18140, stack(0x0000006fb1f00000,0x0000006fb2000000) (1024K)]
  0x00000192089f5f20 JavaThread "Execution worker Thread 3"         [_thread_blocked, id=17880, stack(0x0000006fb2000000,0x0000006fb2100000) (1024K)]
  0x000001927efcc510 JavaThread "Cache worker for execution history cache (F:\AI PROJECTS\Blind App\.gradle\9.4.1\executionHistory)"        [_thread_blocked, id=13324, stack(0x0000006fb2200000,0x0000006fb2300000) (1024K)]
  0x00000192743c10a0 JavaThread "pool-15-thread-1"                  [_thread_blocked, id=23576, stack(0x0000006fb2400000,0x0000006fb2500000) (1024K)]
  0x0000019274391a80 JavaThread "WorkerExecutor Queue"              [_thread_blocked, id=24600, stack(0x0000006fb2600000,0x0000006fb2700000) (1024K)]
  0x00000192743befd0 JavaThread "WorkerExecutor Queue Thread 2"        [_thread_blocked, id=23008, stack(0x0000006fb3500000,0x0000006fb3600000) (1024K)]
=>0x0000019274525940 JavaThread "pool-16-thread-1"                  [_thread_in_Java, id=20624, stack(0x0000006fb3600000,0x0000006fb3700000) (1024K)]
  0x000001925ced44b0 JavaThread "C2 CompilerThread1"         daemon [_thread_blocked, id=13340, stack(0x0000006fb0500000,0x0000006fb0600000) (1024K)]
  0x000001925ced1500 JavaThread "C2 CompilerThread2"         daemon [_thread_blocked, id=10420, stack(0x0000006fb1200000,0x0000006fb1300000) (1024K)]
Total: 60

Other Threads:
  0x00000192517ba080 VMThread "VM Thread"                           [id=17252, stack(0x0000006faee00000,0x0000006faef00000) (1024K)]
  0x0000019250b5bea0 WatcherThread "VM Periodic Task Thread"        [id=21184, stack(0x0000006faed00000,0x0000006faee00000) (1024K)]
  0x0000019237364250 WorkerThread "GC Thread#0"                     [id=5296, stack(0x0000006fae800000,0x0000006fae900000) (1024K)]
  0x0000019256c883c0 WorkerThread "GC Thread#1"                     [id=17960, stack(0x0000006fafa00000,0x0000006fafb00000) (1024K)]
  0x0000019256c88770 WorkerThread "GC Thread#2"                     [id=19052, stack(0x0000006fafb00000,0x0000006fafc00000) (1024K)]
  0x000001925662dbe0 WorkerThread "GC Thread#3"                     [id=1948, stack(0x0000006fafc00000,0x0000006fafd00000) (1024K)]
  0x000001925662df90 WorkerThread "GC Thread#4"                     [id=10296, stack(0x0000006fafd00000,0x0000006fafe00000) (1024K)]
  0x000001925662e340 WorkerThread "GC Thread#5"                     [id=22048, stack(0x0000006fafe00000,0x0000006faff00000) (1024K)]
  0x0000019258113f60 WorkerThread "GC Thread#6"                     [id=21920, stack(0x0000006fb0600000,0x0000006fb0700000) (1024K)]
  0x0000019258113450 WorkerThread "GC Thread#7"                     [id=10616, stack(0x0000006fb0700000,0x0000006fb0800000) (1024K)]
  0x0000019258114310 WorkerThread "GC Thread#8"                     [id=18048, stack(0x0000006fb0800000,0x0000006fb0900000) (1024K)]
  0x00000192581146c0 WorkerThread "GC Thread#9"                     [id=19616, stack(0x0000006fb0900000,0x0000006fb0a00000) (1024K)]
  0x00000192373b3010 ConcurrentGCThread "G1 Main Marker"            [id=21492, stack(0x0000006fae900000,0x0000006faea00000) (1024K)]
  0x00000192373b3a30 WorkerThread "G1 Conc#0"                       [id=20800, stack(0x0000006faea00000,0x0000006faeb00000) (1024K)]
  0x0000019258114a70 WorkerThread "G1 Conc#1"                       [id=11360, stack(0x0000006fb0a00000,0x0000006fb0b00000) (1024K)]
  0x00000192581130a0 WorkerThread "G1 Conc#2"                       [id=18520, stack(0x0000006fb0b00000,0x0000006fb0c00000) (1024K)]
  0x0000019250a2cac0 ConcurrentGCThread "G1 Refine#0"               [id=1864, stack(0x0000006faeb00000,0x0000006faec00000) (1024K)]
  0x0000019250a2ff20 ConcurrentGCThread "G1 Service"                [id=11792, stack(0x0000006faec00000,0x0000006faed00000) (1024K)]
Total: 18

Threads with active compile tasks:
Total: 0

VM state: not at safepoint (normal execution)

VM Mutex/Monitor currently owned by a thread: None

Heap address: 0x0000000700000000, size: 4096 MB, Compressed Oops mode: Zero based, Oop shift amount: 3

CDS archive(s) not mapped
Compressed class space mapped at: 0x0000000800000000-0x0000000840000000, reserved size: 1073741824
Narrow klass base: 0x0000000800000000, Narrow klass shift: 0, Narrow klass range: 0x40000000

GC Precious Log:
 CardTable entry size: 512
 Card Set container configuration: InlinePtr #cards 4 size 8 Array Of Cards #cards 16 size 48 Howl #buckets 8 coarsen threshold 3686 Howl Bitmap #cards 512 size 80 coarsen threshold 460 Card regions per heap region 1 cards per card region 4096
 CPUs: 12 total, 12 available
 Memory: 16177M
 Large Page Support: Disabled
 NUMA Support: Disabled
 Compressed Oops: Enabled (Zero based)
 Heap Region Size: 2M
 Heap Min Capacity: 8M
 Heap Initial Capacity: 254M
 Heap Max Capacity: 4G
 Pre-touch: Disabled
 Parallel Workers: 10
 Concurrent Workers: 3
 Concurrent Refinement Workers: 10
 Periodic GC: Disabled

Heap:
 garbage-first heap   total 1099776K, used 573440K [0x0000000700000000, 0x0000000800000000)
  region size 2048K, 74 young (151552K), 14 survivors (28672K)
 Metaspace       used 280962K, committed 282560K, reserved 1441792K
  class space    used 34585K, committed 35392K, reserved 1048576K

Heap Regions: E=young(eden), S=young(survivor), O=old, HS=humongous(starts), HC=humongous(continues), CS=collection set, F=free, TAMS=top-at-mark-start, PB=parsable bottom
|   0|0x0000000700000000, 0x0000000700200000, 0x0000000700200000|100%|HS|  |TAMS 0x0000000700000000| PB 0x0000000700000000| Complete 
|   1|0x0000000700200000, 0x0000000700400000, 0x0000000700400000|100%|HC|  |TAMS 0x0000000700200000| PB 0x0000000700200000| Complete 
|   2|0x0000000700400000, 0x0000000700600000, 0x0000000700600000|100%| O|  |TAMS 0x0000000700400000| PB 0x0000000700400000| Untracked 
|   3|0x0000000700600000, 0x0000000700800000, 0x0000000700800000|100%| O|  |TAMS 0x0000000700600000| PB 0x0000000700600000| Untracked 
|   4|0x0000000700800000, 0x0000000700a00000, 0x0000000700a00000|100%| O|  |TAMS 0x0000000700800000| PB 0x0000000700800000| Untracked 
|   5|0x0000000700a00000, 0x0000000700c00000, 0x0000000700c00000|100%| O|  |TAMS 0x0000000700a00000| PB 0x0000000700a00000| Untracked 
|   6|0x0000000700c00000, 0x0000000700e00000, 0x0000000700e00000|100%| O|  |TAMS 0x0000000700c00000| PB 0x0000000700c00000| Untracked 
|   7|0x0000000700e00000, 0x0000000701000000, 0x0000000701000000|100%|HS|  |TAMS 0x0000000700e00000| PB 0x0000000700e00000| Complete 
|   8|0x0000000701000000, 0x0000000701200000, 0x0000000701200000|100%|HS|  |TAMS 0x0000000701000000| PB 0x0000000701000000| Complete 
|   9|0x0000000701200000, 0x0000000701400000, 0x0000000701400000|100%| O|  |TAMS 0x0000000701200000| PB 0x0000000701200000| Untracked 
|  10|0x0000000701400000, 0x0000000701600000, 0x0000000701600000|100%| O|  |TAMS 0x0000000701400000| PB 0x0000000701400000| Untracked 
|  11|0x0000000701600000, 0x0000000701800000, 0x0000000701800000|100%| O|  |TAMS 0x0000000701600000| PB 0x0000000701600000| Untracked 
|  12|0x0000000701800000, 0x0000000701a00000, 0x0000000701a00000|100%| O|  |TAMS 0x0000000701800000| PB 0x0000000701800000| Untracked 
|  13|0x0000000701a00000, 0x0000000701c00000, 0x0000000701c00000|100%| O|  |TAMS 0x0000000701a00000| PB 0x0000000701a00000| Untracked 
|  14|0x0000000701c00000, 0x0000000701e00000, 0x0000000701e00000|100%| O|  |TAMS 0x0000000701c00000| PB 0x0000000701c00000| Untracked 
|  15|0x0000000701e00000, 0x0000000702000000, 0x0000000702000000|100%| O|  |TAMS 0x0000000701e00000| PB 0x0000000701e00000| Untracked 
|  16|0x0000000702000000, 0x0000000702200000, 0x0000000702200000|100%| O|  |TAMS 0x0000000702000000| PB 0x0000000702000000| Untracked 
|  17|0x0000000702200000, 0x0000000702400000, 0x0000000702400000|100%| O|  |TAMS 0x0000000702200000| PB 0x0000000702200000| Untracked 
|  18|0x0000000702400000, 0x0000000702600000, 0x0000000702600000|100%| O|  |TAMS 0x0000000702400000| PB 0x0000000702400000| Untracked 
|  19|0x0000000702600000, 0x0000000702800000, 0x0000000702800000|100%| O|  |TAMS 0x0000000702600000| PB 0x0000000702600000| Untracked 
|  20|0x0000000702800000, 0x0000000702a00000, 0x0000000702a00000|100%| O|  |TAMS 0x0000000702800000| PB 0x0000000702800000| Untracked 
|  21|0x0000000702a00000, 0x0000000702c00000, 0x0000000702c00000|100%| O|  |TAMS 0x0000000702a00000| PB 0x0000000702a00000| Untracked 
|  22|0x0000000702c00000, 0x0000000702e00000, 0x0000000702e00000|100%| O|  |TAMS 0x0000000702c00000| PB 0x0000000702c00000| Untracked 
|  23|0x0000000702e00000, 0x0000000703000000, 0x0000000703000000|100%| O|  |TAMS 0x0000000702e00000| PB 0x0000000702e00000| Untracked 
|  24|0x0000000703000000, 0x0000000703200000, 0x0000000703200000|100%| O|  |TAMS 0x0000000703000000| PB 0x0000000703000000| Untracked 
|  25|0x0000000703200000, 0x0000000703400000, 0x0000000703400000|100%| O|  |TAMS 0x0000000703200000| PB 0x0000000703200000| Untracked 
|  26|0x0000000703400000, 0x0000000703600000, 0x0000000703600000|100%| O|  |TAMS 0x0000000703400000| PB 0x0000000703400000| Untracked 
|  27|0x0000000703600000, 0x0000000703800000, 0x0000000703800000|100%| O|  |TAMS 0x0000000703600000| PB 0x0000000703600000| Untracked 
|  28|0x0000000703800000, 0x0000000703a00000, 0x0000000703a00000|100%| O|  |TAMS 0x0000000703800000| PB 0x0000000703800000| Untracked 
|  29|0x0000000703a00000, 0x0000000703c00000, 0x0000000703c00000|100%|HS|  |TAMS 0x0000000703a00000| PB 0x0000000703a00000| Complete 
|  30|0x0000000703c00000, 0x0000000703e00000, 0x0000000703e00000|100%|HC|  |TAMS 0x0000000703c00000| PB 0x0000000703c00000| Complete 
|  31|0x0000000703e00000, 0x0000000704000000, 0x0000000704000000|100%| O|  |TAMS 0x0000000703e00000| PB 0x0000000703e00000| Untracked 
|  32|0x0000000704000000, 0x0000000704200000, 0x0000000704200000|100%| O|  |TAMS 0x0000000704000000| PB 0x0000000704000000| Untracked 
|  33|0x0000000704200000, 0x0000000704400000, 0x0000000704400000|100%| O|  |TAMS 0x0000000704200000| PB 0x0000000704200000| Untracked 
|  34|0x0000000704400000, 0x0000000704600000, 0x0000000704600000|100%| O|  |TAMS 0x0000000704400000| PB 0x0000000704400000| Untracked 
|  35|0x0000000704600000, 0x0000000704800000, 0x0000000704800000|100%| O|  |TAMS 0x0000000704600000| PB 0x0000000704600000| Untracked 
|  36|0x0000000704800000, 0x0000000704a00000, 0x0000000704a00000|100%| O|  |TAMS 0x0000000704800000| PB 0x0000000704800000| Untracked 
|  37|0x0000000704a00000, 0x0000000704c00000, 0x0000000704c00000|100%| O|  |TAMS 0x0000000704a00000| PB 0x0000000704a00000| Untracked 
|  38|0x0000000704c00000, 0x0000000704e00000, 0x0000000704e00000|100%| O|  |TAMS 0x0000000704c00000| PB 0x0000000704c00000| Untracked 
|  39|0x0000000704e00000, 0x0000000705000000, 0x0000000705000000|100%| O|  |TAMS 0x0000000704e00000| PB 0x0000000704e00000| Untracked 
|  40|0x0000000705000000, 0x0000000705200000, 0x0000000705200000|100%| O|Cm|TAMS 0x0000000705000000| PB 0x0000000705000000| Complete 
|  41|0x0000000705200000, 0x0000000705400000, 0x0000000705400000|100%| O|  |TAMS 0x0000000705200000| PB 0x0000000705200000| Untracked 
|  42|0x0000000705400000, 0x0000000705600000, 0x0000000705600000|100%| O|  |TAMS 0x0000000705400000| PB 0x0000000705400000| Untracked 
|  43|0x0000000705600000, 0x0000000705800000, 0x0000000705800000|100%| O|  |TAMS 0x0000000705600000| PB 0x0000000705600000| Untracked 
|  44|0x0000000705800000, 0x0000000705a00000, 0x0000000705a00000|100%| O|  |TAMS 0x0000000705800000| PB 0x0000000705800000| Untracked 
|  45|0x0000000705a00000, 0x0000000705c00000, 0x0000000705c00000|100%| O|  |TAMS 0x0000000705a00000| PB 0x0000000705a00000| Untracked 
|  46|0x0000000705c00000, 0x0000000705e00000, 0x0000000705e00000|100%| O|Cm|TAMS 0x0000000705c00000| PB 0x0000000705c00000| Complete 
|  47|0x0000000705e00000, 0x0000000706000000, 0x0000000706000000|100%| O|  |TAMS 0x0000000705e00000| PB 0x0000000705e00000| Untracked 
|  48|0x0000000706000000, 0x0000000706000000, 0x0000000706200000|  0%| F|  |TAMS 0x0000000706000000| PB 0x0000000706000000| Untracked 
|  49|0x0000000706200000, 0x0000000706400000, 0x0000000706400000|100%| O|  |TAMS 0x0000000706200000| PB 0x0000000706200000| Untracked 
|  50|0x0000000706400000, 0x0000000706600000, 0x0000000706600000|100%| O|Cm|TAMS 0x0000000706400000| PB 0x0000000706400000| Complete 
|  51|0x0000000706600000, 0x0000000706800000, 0x0000000706800000|100%| O|  |TAMS 0x0000000706600000| PB 0x0000000706600000| Untracked 
|  52|0x0000000706800000, 0x0000000706a00000, 0x0000000706a00000|100%| O|  |TAMS 0x0000000706800000| PB 0x0000000706800000| Untracked 
|  53|0x0000000706a00000, 0x0000000706c00000, 0x0000000706c00000|100%| O|  |TAMS 0x0000000706a00000| PB 0x0000000706a00000| Untracked 
|  54|0x0000000706c00000, 0x0000000706e00000, 0x0000000706e00000|100%| O|  |TAMS 0x0000000706c00000| PB 0x0000000706c00000| Untracked 
|  55|0x0000000706e00000, 0x0000000707000000, 0x0000000707000000|100%| O|  |TAMS 0x0000000706e00000| PB 0x0000000706e00000| Untracked 
|  56|0x0000000707000000, 0x0000000707200000, 0x0000000707200000|100%| O|  |TAMS 0x0000000707000000| PB 0x0000000707000000| Untracked 
|  57|0x0000000707200000, 0x0000000707400000, 0x0000000707400000|100%|HS|  |TAMS 0x0000000707200000| PB 0x0000000707200000| Complete 
|  58|0x0000000707400000, 0x0000000707600000, 0x0000000707600000|100%|HC|  |TAMS 0x0000000707400000| PB 0x0000000707400000| Complete 
|  59|0x0000000707600000, 0x0000000707800000, 0x0000000707800000|100%|HC|  |TAMS 0x0000000707600000| PB 0x0000000707600000| Complete 
|  60|0x0000000707800000, 0x0000000707a00000, 0x0000000707a00000|100%| O|  |TAMS 0x0000000707800000| PB 0x0000000707800000| Untracked 
|  61|0x0000000707a00000, 0x0000000707c00000, 0x0000000707c00000|100%| O|  |TAMS 0x0000000707a00000| PB 0x0000000707a00000| Untracked 
|  62|0x0000000707c00000, 0x0000000707e00000, 0x0000000707e00000|100%| O|  |TAMS 0x0000000707c00000| PB 0x0000000707c00000| Untracked 
|  63|0x0000000707e00000, 0x0000000708000000, 0x0000000708000000|100%| O|  |TAMS 0x0000000707e00000| PB 0x0000000707e00000| Untracked 
|  64|0x0000000708000000, 0x0000000708200000, 0x0000000708200000|100%| O|Cm|TAMS 0x0000000708000000| PB 0x0000000708000000| Complete 
|  65|0x0000000708200000, 0x0000000708400000, 0x0000000708400000|100%| O|Cm|TAMS 0x0000000708200000| PB 0x0000000708200000| Complete 
|  66|0x0000000708400000, 0x0000000708600000, 0x0000000708600000|100%| O|  |TAMS 0x0000000708400000| PB 0x0000000708400000| Untracked 
|  67|0x0000000708600000, 0x0000000708800000, 0x0000000708800000|100%| O|Cm|TAMS 0x0000000708600000| PB 0x0000000708600000| Complete 
|  68|0x0000000708800000, 0x0000000708a00000, 0x0000000708a00000|100%| O|Cm|TAMS 0x0000000708800000| PB 0x0000000708800000| Complete 
|  69|0x0000000708a00000, 0x0000000708c00000, 0x0000000708c00000|100%| O|  |TAMS 0x0000000708a00000| PB 0x0000000708a00000| Untracked 
|  70|0x0000000708c00000, 0x0000000708e00000, 0x0000000708e00000|100%| O|Cm|TAMS 0x0000000708c00000| PB 0x0000000708c00000| Complete 
|  71|0x0000000708e00000, 0x0000000709000000, 0x0000000709000000|100%| O|Cm|TAMS 0x0000000708e00000| PB 0x0000000708e00000| Complete 
|  72|0x0000000709000000, 0x0000000709200000, 0x0000000709200000|100%| O|  |TAMS 0x0000000709000000| PB 0x0000000709000000| Untracked 
|  73|0x0000000709200000, 0x0000000709400000, 0x0000000709400000|100%| O|  |TAMS 0x0000000709200000| PB 0x0000000709200000| Untracked 
|  74|0x0000000709400000, 0x0000000709600000, 0x0000000709600000|100%| O|  |TAMS 0x0000000709400000| PB 0x0000000709400000| Untracked 
|  75|0x0000000709600000, 0x0000000709800000, 0x0000000709800000|100%| O|Cm|TAMS 0x0000000709600000| PB 0x0000000709600000| Complete 
|  76|0x0000000709800000, 0x0000000709a00000, 0x0000000709a00000|100%| O|Cm|TAMS 0x0000000709800000| PB 0x0000000709800000| Complete 
|  77|0x0000000709a00000, 0x0000000709c00000, 0x0000000709c00000|100%| O|  |TAMS 0x0000000709a00000| PB 0x0000000709a00000| Untracked 
|  78|0x0000000709c00000, 0x0000000709e00000, 0x0000000709e00000|100%| O|Cm|TAMS 0x0000000709c00000| PB 0x0000000709c00000| Complete 
|  79|0x0000000709e00000, 0x000000070a000000, 0x000000070a000000|100%| O|Cm|TAMS 0x0000000709e00000| PB 0x0000000709e00000| Complete 
|  80|0x000000070a000000, 0x000000070a200000, 0x000000070a200000|100%| O|Cm|TAMS 0x000000070a000000| PB 0x000000070a000000| Complete 
|  81|0x000000070a200000, 0x000000070a400000, 0x000000070a400000|100%| O|Cm|TAMS 0x000000070a200000| PB 0x000000070a200000| Complete 
|  82|0x000000070a400000, 0x000000070a600000, 0x000000070a600000|100%| O|  |TAMS 0x000000070a400000| PB 0x000000070a400000| Untracked 
|  83|0x000000070a600000, 0x000000070a800000, 0x000000070a800000|100%| O|  |TAMS 0x000000070a600000| PB 0x000000070a600000| Untracked 
|  84|0x000000070a800000, 0x000000070aa00000, 0x000000070aa00000|100%| O|Cm|TAMS 0x000000070a800000| PB 0x000000070a800000| Complete 
|  85|0x000000070aa00000, 0x000000070ac00000, 0x000000070ac00000|100%| O|  |TAMS 0x000000070aa00000| PB 0x000000070aa00000| Untracked 
|  86|0x000000070ac00000, 0x000000070ae00000, 0x000000070ae00000|100%| O|Cm|TAMS 0x000000070ac00000| PB 0x000000070ac00000| Complete 
|  87|0x000000070ae00000, 0x000000070b000000, 0x000000070b000000|100%| O|Cm|TAMS 0x000000070ae00000| PB 0x000000070ae00000| Complete 
|  88|0x000000070b000000, 0x000000070b200000, 0x000000070b200000|100%| O|  |TAMS 0x000000070b000000| PB 0x000000070b000000| Untracked 
|  89|0x000000070b200000, 0x000000070b400000, 0x000000070b400000|100%| O|  |TAMS 0x000000070b200000| PB 0x000000070b200000| Untracked 
|  90|0x000000070b400000, 0x000000070b600000, 0x000000070b600000|100%| O|  |TAMS 0x000000070b400000| PB 0x000000070b400000| Untracked 
|  91|0x000000070b600000, 0x000000070b800000, 0x000000070b800000|100%| O|Cm|TAMS 0x000000070b600000| PB 0x000000070b600000| Complete 
|  92|0x000000070b800000, 0x000000070ba00000, 0x000000070ba00000|100%| O|Cm|TAMS 0x000000070b800000| PB 0x000000070b800000| Complete 
|  93|0x000000070ba00000, 0x000000070bc00000, 0x000000070bc00000|100%| O|  |TAMS 0x000000070ba00000| PB 0x000000070ba00000| Untracked 
|  94|0x000000070bc00000, 0x000000070be00000, 0x000000070be00000|100%| O|Cm|TAMS 0x000000070bc00000| PB 0x000000070bc00000| Complete 
|  95|0x000000070be00000, 0x000000070c000000, 0x000000070c000000|100%| O|  |TAMS 0x000000070be00000| PB 0x000000070be00000| Untracked 
|  96|0x000000070c000000, 0x000000070c200000, 0x000000070c200000|100%| O|Cm|TAMS 0x000000070c000000| PB 0x000000070c000000| Complete 
|  97|0x000000070c200000, 0x000000070c400000, 0x000000070c400000|100%| O|Cm|TAMS 0x000000070c200000| PB 0x000000070c200000| Complete 
|  98|0x000000070c400000, 0x000000070c600000, 0x000000070c600000|100%| O|  |TAMS 0x000000070c400000| PB 0x000000070c400000| Untracked 
|  99|0x000000070c600000, 0x000000070c600000, 0x000000070c800000|  0%| F|  |TAMS 0x000000070c600000| PB 0x000000070c600000| Untracked 
| 100|0x000000070c800000, 0x000000070ca00000, 0x000000070ca00000|100%| O|  |TAMS 0x000000070c800000| PB 0x000000070c800000| Untracked 
| 101|0x000000070ca00000, 0x000000070cc00000, 0x000000070cc00000|100%| O|  |TAMS 0x000000070ca00000| PB 0x000000070ca00000| Untracked 
| 102|0x000000070cc00000, 0x000000070ce00000, 0x000000070ce00000|100%| O|  |TAMS 0x000000070cc00000| PB 0x000000070cc00000| Untracked 
| 103|0x000000070ce00000, 0x000000070d000000, 0x000000070d000000|100%| O|  |TAMS 0x000000070ce00000| PB 0x000000070ce00000| Untracked 
| 104|0x000000070d000000, 0x000000070d200000, 0x000000070d200000|100%| O|  |TAMS 0x000000070d000000| PB 0x000000070d000000| Untracked 
| 105|0x000000070d200000, 0x000000070d400000, 0x000000070d400000|100%| O|  |TAMS 0x000000070d200000| PB 0x000000070d200000| Untracked 
| 106|0x000000070d400000, 0x000000070d600000, 0x000000070d600000|100%| O|  |TAMS 0x000000070d400000| PB 0x000000070d400000| Untracked 
| 107|0x000000070d600000, 0x000000070d800000, 0x000000070d800000|100%| O|  |TAMS 0x000000070d600000| PB 0x000000070d600000| Untracked 
| 108|0x000000070d800000, 0x000000070da00000, 0x000000070da00000|100%| O|  |TAMS 0x000000070d800000| PB 0x000000070d800000| Untracked 
| 109|0x000000070da00000, 0x000000070da00000, 0x000000070dc00000|  0%| F|  |TAMS 0x000000070da00000| PB 0x000000070da00000| Untracked 
| 110|0x000000070dc00000, 0x000000070de00000, 0x000000070de00000|100%| O|Cm|TAMS 0x000000070dc00000| PB 0x000000070dc00000| Complete 
| 111|0x000000070de00000, 0x000000070e000000, 0x000000070e000000|100%| O|  |TAMS 0x000000070de00000| PB 0x000000070de00000| Untracked 
| 112|0x000000070e000000, 0x000000070e200000, 0x000000070e200000|100%| O|  |TAMS 0x000000070e000000| PB 0x000000070e000000| Untracked 
| 113|0x000000070e200000, 0x000000070e400000, 0x000000070e400000|100%| O|Cm|TAMS 0x000000070e200000| PB 0x000000070e200000| Complete 
| 114|0x000000070e400000, 0x000000070e600000, 0x000000070e600000|100%| O|  |TAMS 0x000000070e400000| PB 0x000000070e400000| Untracked 
| 115|0x000000070e600000, 0x000000070e800000, 0x000000070e800000|100%| O|  |TAMS 0x000000070e600000| PB 0x000000070e600000| Untracked 
| 116|0x000000070e800000, 0x000000070ea00000, 0x000000070ea00000|100%| O|  |TAMS 0x000000070e800000| PB 0x000000070e800000| Untracked 
| 117|0x000000070ea00000, 0x000000070ec00000, 0x000000070ec00000|100%| O|  |TAMS 0x000000070ea00000| PB 0x000000070ea00000| Untracked 
| 118|0x000000070ec00000, 0x000000070ee00000, 0x000000070ee00000|100%| O|  |TAMS 0x000000070ec00000| PB 0x000000070ec00000| Untracked 
| 119|0x000000070ee00000, 0x000000070f000000, 0x000000070f000000|100%| O|  |TAMS 0x000000070ee00000| PB 0x000000070ee00000| Untracked 
| 120|0x000000070f000000, 0x000000070f200000, 0x000000070f200000|100%| O|  |TAMS 0x000000070f000000| PB 0x000000070f000000| Untracked 
| 121|0x000000070f200000, 0x000000070f200000, 0x000000070f400000|  0%| F|  |TAMS 0x000000070f200000| PB 0x000000070f200000| Untracked 
| 122|0x000000070f400000, 0x000000070f400000, 0x000000070f600000|  0%| F|  |TAMS 0x000000070f400000| PB 0x000000070f400000| Untracked 
| 123|0x000000070f600000, 0x000000070f800000, 0x000000070f800000|100%| O|  |TAMS 0x000000070f600000| PB 0x000000070f600000| Untracked 
| 124|0x000000070f800000, 0x000000070fa00000, 0x000000070fa00000|100%| O|Cm|TAMS 0x000000070f800000| PB 0x000000070f800000| Complete 
| 125|0x000000070fa00000, 0x000000070fa00000, 0x000000070fc00000|  0%| F|  |TAMS 0x000000070fa00000| PB 0x000000070fa00000| Untracked 
| 126|0x000000070fc00000, 0x000000070fc00000, 0x000000070fe00000|  0%| F|  |TAMS 0x000000070fc00000| PB 0x000000070fc00000| Untracked 
| 127|0x000000070fe00000, 0x0000000710000000, 0x0000000710000000|100%| O|  |TAMS 0x000000070fe00000| PB 0x000000070fe00000| Untracked 
| 128|0x0000000710000000, 0x0000000710200000, 0x0000000710200000|100%| O|  |TAMS 0x0000000710000000| PB 0x0000000710000000| Untracked 
| 129|0x0000000710200000, 0x0000000710400000, 0x0000000710400000|100%| O|  |TAMS 0x0000000710200000| PB 0x0000000710200000| Untracked 
| 130|0x0000000710400000, 0x0000000710600000, 0x0000000710600000|100%| O|  |TAMS 0x0000000710400000| PB 0x0000000710400000| Untracked 
| 131|0x0000000710600000, 0x0000000710800000, 0x0000000710800000|100%| O|  |TAMS 0x0000000710600000| PB 0x0000000710600000| Untracked 
| 132|0x0000000710800000, 0x0000000710a00000, 0x0000000710a00000|100%| O|  |TAMS 0x0000000710800000| PB 0x0000000710800000| Untracked 
| 133|0x0000000710a00000, 0x0000000710c00000, 0x0000000710c00000|100%| O|  |TAMS 0x0000000710a00000| PB 0x0000000710a00000| Untracked 
| 134|0x0000000710c00000, 0x0000000710e00000, 0x0000000710e00000|100%| O|  |TAMS 0x0000000710c00000| PB 0x0000000710c00000| Untracked 
| 135|0x0000000710e00000, 0x0000000711000000, 0x0000000711000000|100%| O|  |TAMS 0x0000000710e00000| PB 0x0000000710e00000| Untracked 
| 136|0x0000000711000000, 0x0000000711200000, 0x0000000711200000|100%| O|  |TAMS 0x0000000711000000| PB 0x0000000711000000| Untracked 
| 137|0x0000000711200000, 0x0000000711400000, 0x0000000711400000|100%| O|  |TAMS 0x0000000711200000| PB 0x0000000711200000| Untracked 
| 138|0x0000000711400000, 0x0000000711600000, 0x0000000711600000|100%| O|  |TAMS 0x0000000711400000| PB 0x0000000711400000| Untracked 
| 139|0x0000000711600000, 0x0000000711800000, 0x0000000711800000|100%| O|  |TAMS 0x0000000711600000| PB 0x0000000711600000| Untracked 
| 140|0x0000000711800000, 0x0000000711a00000, 0x0000000711a00000|100%| O|  |TAMS 0x0000000711800000| PB 0x0000000711800000| Untracked 
| 141|0x0000000711a00000, 0x0000000711c00000, 0x0000000711c00000|100%| O|  |TAMS 0x0000000711a00000| PB 0x0000000711a00000| Untracked 
| 142|0x0000000711c00000, 0x0000000711e00000, 0x0000000711e00000|100%| O|  |TAMS 0x0000000711c00000| PB 0x0000000711c00000| Untracked 
| 143|0x0000000711e00000, 0x0000000712000000, 0x0000000712000000|100%| O|  |TAMS 0x0000000711e00000| PB 0x0000000711e00000| Untracked 
| 144|0x0000000712000000, 0x0000000712200000, 0x0000000712200000|100%| O|  |TAMS 0x0000000712000000| PB 0x0000000712000000| Untracked 
| 145|0x0000000712200000, 0x0000000712400000, 0x0000000712400000|100%| O|  |TAMS 0x0000000712200000| PB 0x0000000712200000| Untracked 
| 146|0x0000000712400000, 0x0000000712600000, 0x0000000712600000|100%| O|  |TAMS 0x0000000712400000| PB 0x0000000712400000| Untracked 
| 147|0x0000000712600000, 0x0000000712800000, 0x0000000712800000|100%| O|  |TAMS 0x0000000712600000| PB 0x0000000712600000| Untracked 
| 148|0x0000000712800000, 0x0000000712a00000, 0x0000000712a00000|100%| O|  |TAMS 0x0000000712800000| PB 0x0000000712800000| Untracked 
| 149|0x0000000712a00000, 0x0000000712c00000, 0x0000000712c00000|100%| O|  |TAMS 0x0000000712a00000| PB 0x0000000712a00000| Untracked 
| 150|0x0000000712c00000, 0x0000000712e00000, 0x0000000712e00000|100%| O|  |TAMS 0x0000000712c00000| PB 0x0000000712c00000| Untracked 
| 151|0x0000000712e00000, 0x0000000713000000, 0x0000000713000000|100%| O|  |TAMS 0x0000000712e00000| PB 0x0000000712e00000| Untracked 
| 152|0x0000000713000000, 0x0000000713200000, 0x0000000713200000|100%| O|  |TAMS 0x0000000713000000| PB 0x0000000713000000| Untracked 
| 153|0x0000000713200000, 0x0000000713400000, 0x0000000713400000|100%| O|  |TAMS 0x0000000713200000| PB 0x0000000713200000| Untracked 
| 154|0x0000000713400000, 0x0000000713600000, 0x0000000713600000|100%| O|  |TAMS 0x0000000713400000| PB 0x0000000713400000| Untracked 
| 155|0x0000000713600000, 0x0000000713800000, 0x0000000713800000|100%| O|  |TAMS 0x0000000713600000| PB 0x0000000713600000| Untracked 
| 156|0x0000000713800000, 0x0000000713a00000, 0x0000000713a00000|100%| O|Cm|TAMS 0x0000000713800000| PB 0x0000000713800000| Complete 
| 157|0x0000000713a00000, 0x0000000713c00000, 0x0000000713c00000|100%| O|  |TAMS 0x0000000713a00000| PB 0x0000000713a00000| Untracked 
| 158|0x0000000713c00000, 0x0000000713e00000, 0x0000000713e00000|100%| O|  |TAMS 0x0000000713c00000| PB 0x0000000713c00000| Untracked 
| 159|0x0000000713e00000, 0x0000000714000000, 0x0000000714000000|100%| O|  |TAMS 0x0000000713e00000| PB 0x0000000713e00000| Untracked 
| 160|0x0000000714000000, 0x0000000714200000, 0x0000000714200000|100%| O|  |TAMS 0x0000000714000000| PB 0x0000000714000000| Untracked 
| 161|0x0000000714200000, 0x0000000714400000, 0x0000000714400000|100%| O|  |TAMS 0x0000000714200000| PB 0x0000000714200000| Untracked 
| 162|0x0000000714400000, 0x0000000714600000, 0x0000000714600000|100%| O|  |TAMS 0x0000000714400000| PB 0x0000000714400000| Untracked 
| 163|0x0000000714600000, 0x0000000714800000, 0x0000000714800000|100%| O|  |TAMS 0x0000000714600000| PB 0x0000000714600000| Untracked 
| 164|0x0000000714800000, 0x0000000714a00000, 0x0000000714a00000|100%| O|  |TAMS 0x0000000714800000| PB 0x0000000714800000| Untracked 
| 165|0x0000000714a00000, 0x0000000714c00000, 0x0000000714c00000|100%| O|  |TAMS 0x0000000714a00000| PB 0x0000000714a00000| Untracked 
| 166|0x0000000714c00000, 0x0000000714c00000, 0x0000000714e00000|  0%| F|  |TAMS 0x0000000714c00000| PB 0x0000000714c00000| Untracked 
| 167|0x0000000714e00000, 0x0000000714e00000, 0x0000000715000000|  0%| F|  |TAMS 0x0000000714e00000| PB 0x0000000714e00000| Untracked 
| 168|0x0000000715000000, 0x0000000715000000, 0x0000000715200000|  0%| F|  |TAMS 0x0000000715000000| PB 0x0000000715000000| Untracked 
| 169|0x0000000715200000, 0x0000000715200000, 0x0000000715400000|  0%| F|  |TAMS 0x0000000715200000| PB 0x0000000715200000| Untracked 
| 170|0x0000000715400000, 0x0000000715400000, 0x0000000715600000|  0%| F|  |TAMS 0x0000000715400000| PB 0x0000000715400000| Untracked 
| 171|0x0000000715600000, 0x0000000715600000, 0x0000000715800000|  0%| F|  |TAMS 0x0000000715600000| PB 0x0000000715600000| Untracked 
| 172|0x0000000715800000, 0x0000000715800000, 0x0000000715a00000|  0%| F|  |TAMS 0x0000000715800000| PB 0x0000000715800000| Untracked 
| 173|0x0000000715a00000, 0x0000000715a00000, 0x0000000715c00000|  0%| F|  |TAMS 0x0000000715a00000| PB 0x0000000715a00000| Untracked 
| 174|0x0000000715c00000, 0x0000000715c00000, 0x0000000715e00000|  0%| F|  |TAMS 0x0000000715c00000| PB 0x0000000715c00000| Untracked 
| 175|0x0000000715e00000, 0x0000000715e00000, 0x0000000716000000|  0%| F|  |TAMS 0x0000000715e00000| PB 0x0000000715e00000| Untracked 
| 176|0x0000000716000000, 0x0000000716000000, 0x0000000716200000|  0%| F|  |TAMS 0x0000000716000000| PB 0x0000000716000000| Untracked 
| 177|0x0000000716200000, 0x0000000716200000, 0x0000000716400000|  0%| F|  |TAMS 0x0000000716200000| PB 0x0000000716200000| Untracked 
| 178|0x0000000716400000, 0x0000000716600000, 0x0000000716600000|100%| O|Cm|TAMS 0x0000000716400000| PB 0x0000000716400000| Complete 
| 179|0x0000000716600000, 0x0000000716600000, 0x0000000716800000|  0%| F|  |TAMS 0x0000000716600000| PB 0x0000000716600000| Untracked 
| 180|0x0000000716800000, 0x0000000716800000, 0x0000000716a00000|  0%| F|  |TAMS 0x0000000716800000| PB 0x0000000716800000| Untracked 
| 181|0x0000000716a00000, 0x0000000716c00000, 0x0000000716c00000|100%| O|Cm|TAMS 0x0000000716a00000| PB 0x0000000716a00000| Complete 
| 182|0x0000000716c00000, 0x0000000716c00000, 0x0000000716e00000|  0%| F|  |TAMS 0x0000000716c00000| PB 0x0000000716c00000| Untracked 
| 183|0x0000000716e00000, 0x0000000716e00000, 0x0000000717000000|  0%| F|  |TAMS 0x0000000716e00000| PB 0x0000000716e00000| Untracked 
| 184|0x0000000717000000, 0x0000000717000000, 0x0000000717200000|  0%| F|  |TAMS 0x0000000717000000| PB 0x0000000717000000| Untracked 
| 185|0x0000000717200000, 0x0000000717200000, 0x0000000717400000|  0%| F|  |TAMS 0x0000000717200000| PB 0x0000000717200000| Untracked 
| 186|0x0000000717400000, 0x0000000717400000, 0x0000000717600000|  0%| F|  |TAMS 0x0000000717400000| PB 0x0000000717400000| Untracked 
| 187|0x0000000717600000, 0x0000000717600000, 0x0000000717800000|  0%| F|  |TAMS 0x0000000717600000| PB 0x0000000717600000| Untracked 
| 188|0x0000000717800000, 0x0000000717800000, 0x0000000717a00000|  0%| F|  |TAMS 0x0000000717800000| PB 0x0000000717800000| Untracked 
| 189|0x0000000717a00000, 0x0000000717a00000, 0x0000000717c00000|  0%| F|  |TAMS 0x0000000717a00000| PB 0x0000000717a00000| Untracked 
| 190|0x0000000717c00000, 0x0000000717c00000, 0x0000000717e00000|  0%| F|  |TAMS 0x0000000717c00000| PB 0x0000000717c00000| Untracked 
| 191|0x0000000717e00000, 0x0000000718000000, 0x0000000718000000|100%| O|  |TAMS 0x0000000717e00000| PB 0x0000000717e00000| Untracked 
| 192|0x0000000718000000, 0x0000000718000000, 0x0000000718200000|  0%| F|  |TAMS 0x0000000718000000| PB 0x0000000718000000| Untracked 
| 193|0x0000000718200000, 0x0000000718400000, 0x0000000718400000|100%| O|  |TAMS 0x0000000718200000| PB 0x0000000718200000| Untracked 
| 194|0x0000000718400000, 0x0000000718600000, 0x0000000718600000|100%| O|  |TAMS 0x0000000718400000| PB 0x0000000718400000| Untracked 
| 195|0x0000000718600000, 0x0000000718800000, 0x0000000718800000|100%| O|  |TAMS 0x0000000718600000| PB 0x0000000718600000| Untracked 
| 196|0x0000000718800000, 0x0000000718800000, 0x0000000718a00000|  0%| F|  |TAMS 0x0000000718800000| PB 0x0000000718800000| Untracked 
| 197|0x0000000718a00000, 0x0000000718a00000, 0x0000000718c00000|  0%| F|  |TAMS 0x0000000718a00000| PB 0x0000000718a00000| Untracked 
| 198|0x0000000718c00000, 0x0000000718c00000, 0x0000000718e00000|  0%| F|  |TAMS 0x0000000718c00000| PB 0x0000000718c00000| Untracked 
| 199|0x0000000718e00000, 0x0000000718e00000, 0x0000000719000000|  0%| F|  |TAMS 0x0000000718e00000| PB 0x0000000718e00000| Untracked 
| 200|0x0000000719000000, 0x0000000719200000, 0x0000000719200000|100%| O|  |TAMS 0x0000000719000000| PB 0x0000000719000000| Untracked 
| 201|0x0000000719200000, 0x0000000719200000, 0x0000000719400000|  0%| F|  |TAMS 0x0000000719200000| PB 0x0000000719200000| Untracked 
| 202|0x0000000719400000, 0x0000000719600000, 0x0000000719600000|100%| O|  |TAMS 0x0000000719400000| PB 0x0000000719400000| Untracked 
| 203|0x0000000719600000, 0x0000000719800000, 0x0000000719800000|100%| O|Cm|TAMS 0x0000000719600000| PB 0x0000000719600000| Complete 
| 204|0x0000000719800000, 0x0000000719a00000, 0x0000000719a00000|100%| O|  |TAMS 0x0000000719800000| PB 0x0000000719800000| Untracked 
| 205|0x0000000719a00000, 0x0000000719c00000, 0x0000000719c00000|100%| O|  |TAMS 0x0000000719a00000| PB 0x0000000719a00000| Untracked 
| 206|0x0000000719c00000, 0x0000000719c00000, 0x0000000719e00000|  0%| F|  |TAMS 0x0000000719c00000| PB 0x0000000719c00000| Untracked 
| 207|0x0000000719e00000, 0x000000071a000000, 0x000000071a000000|100%| O|  |TAMS 0x0000000719e00000| PB 0x0000000719e00000| Untracked 
| 208|0x000000071a000000, 0x000000071a200000, 0x000000071a200000|100%| O|Cm|TAMS 0x000000071a000000| PB 0x000000071a000000| Complete 
| 209|0x000000071a200000, 0x000000071a400000, 0x000000071a400000|100%| O|  |TAMS 0x000000071a200000| PB 0x000000071a200000| Untracked 
| 210|0x000000071a400000, 0x000000071a600000, 0x000000071a600000|100%| O|Cm|TAMS 0x000000071a400000| PB 0x000000071a400000| Complete 
| 211|0x000000071a600000, 0x000000071a600000, 0x000000071a800000|  0%| F|  |TAMS 0x000000071a600000| PB 0x000000071a600000| Untracked 
| 212|0x000000071a800000, 0x000000071aa00000, 0x000000071aa00000|100%| O|Cm|TAMS 0x000000071a800000| PB 0x000000071a800000| Complete 
| 213|0x000000071aa00000, 0x000000071ac00000, 0x000000071ac00000|100%| O|Cm|TAMS 0x000000071aa00000| PB 0x000000071aa00000| Complete 
| 214|0x000000071ac00000, 0x000000071ac00000, 0x000000071ae00000|  0%| F|  |TAMS 0x000000071ac00000| PB 0x000000071ac00000| Untracked 
| 215|0x000000071ae00000, 0x000000071ae00000, 0x000000071b000000|  0%| F|  |TAMS 0x000000071ae00000| PB 0x000000071ae00000| Untracked 
| 216|0x000000071b000000, 0x000000071b200000, 0x000000071b200000|100%| O|  |TAMS 0x000000071b000000| PB 0x000000071b000000| Untracked 
| 217|0x000000071b200000, 0x000000071b200000, 0x000000071b400000|  0%| F|  |TAMS 0x000000071b200000| PB 0x000000071b200000| Untracked 
| 218|0x000000071b400000, 0x000000071b600000, 0x000000071b600000|100%| O|  |TAMS 0x000000071b400000| PB 0x000000071b400000| Untracked 
| 219|0x000000071b600000, 0x000000071b800000, 0x000000071b800000|100%| O|Cm|TAMS 0x000000071b600000| PB 0x000000071b600000| Complete 
| 220|0x000000071b800000, 0x000000071b800000, 0x000000071ba00000|  0%| F|  |TAMS 0x000000071b800000| PB 0x000000071b800000| Untracked 
| 221|0x000000071ba00000, 0x000000071ba00000, 0x000000071bc00000|  0%| F|  |TAMS 0x000000071ba00000| PB 0x000000071ba00000| Untracked 
| 222|0x000000071bc00000, 0x000000071bc00000, 0x000000071be00000|  0%| F|  |TAMS 0x000000071bc00000| PB 0x000000071bc00000| Untracked 
| 223|0x000000071be00000, 0x000000071c000000, 0x000000071c000000|100%| O|Cm|TAMS 0x000000071be00000| PB 0x000000071be00000| Complete 
| 224|0x000000071c000000, 0x000000071c200000, 0x000000071c200000|100%| O|Cm|TAMS 0x000000071c000000| PB 0x000000071c000000| Complete 
| 225|0x000000071c200000, 0x000000071c400000, 0x000000071c400000|100%| O|Cm|TAMS 0x000000071c200000| PB 0x000000071c200000| Complete 
| 226|0x000000071c400000, 0x000000071c600000, 0x000000071c600000|100%| O|Cm|TAMS 0x000000071c400000| PB 0x000000071c400000| Complete 
| 227|0x000000071c600000, 0x000000071c800000, 0x000000071c800000|100%| O|Cm|TAMS 0x000000071c600000| PB 0x000000071c600000| Complete 
| 228|0x000000071c800000, 0x000000071ca00000, 0x000000071ca00000|100%| O|Cm|TAMS 0x000000071c800000| PB 0x000000071c800000| Complete 
| 229|0x000000071ca00000, 0x000000071cc00000, 0x000000071cc00000|100%| O|Cm|TAMS 0x000000071ca00000| PB 0x000000071ca00000| Complete 
| 230|0x000000071cc00000, 0x000000071ce00000, 0x000000071ce00000|100%| O|Cm|TAMS 0x000000071cc00000| PB 0x000000071cc00000| Complete 
| 231|0x000000071ce00000, 0x000000071d000000, 0x000000071d000000|100%| O|Cm|TAMS 0x000000071ce00000| PB 0x000000071ce00000| Complete 
| 232|0x000000071d000000, 0x000000071d200000, 0x000000071d200000|100%| O|Cm|TAMS 0x000000071d000000| PB 0x000000071d000000| Complete 
| 233|0x000000071d200000, 0x000000071d400000, 0x000000071d400000|100%| O|Cm|TAMS 0x000000071d200000| PB 0x000000071d200000| Complete 
| 234|0x000000071d400000, 0x000000071d600000, 0x000000071d600000|100%| O|Cm|TAMS 0x000000071d400000| PB 0x000000071d400000| Complete 
| 235|0x000000071d600000, 0x000000071d800000, 0x000000071d800000|100%| O|Cm|TAMS 0x000000071d600000| PB 0x000000071d600000| Complete 
| 236|0x000000071d800000, 0x000000071da00000, 0x000000071da00000|100%| O|Cm|TAMS 0x000000071d800000| PB 0x000000071d800000| Complete 
| 237|0x000000071da00000, 0x000000071dc00000, 0x000000071dc00000|100%| O|Cm|TAMS 0x000000071da00000| PB 0x000000071da00000| Complete 
| 238|0x000000071dc00000, 0x000000071de00000, 0x000000071de00000|100%| O|Cm|TAMS 0x000000071dc00000| PB 0x000000071dc00000| Complete 
| 239|0x000000071de00000, 0x000000071e000000, 0x000000071e000000|100%| O|Cm|TAMS 0x000000071de00000| PB 0x000000071de00000| Complete 
| 240|0x000000071e000000, 0x000000071e200000, 0x000000071e200000|100%| O|Cm|TAMS 0x000000071e000000| PB 0x000000071e000000| Complete 
| 241|0x000000071e200000, 0x000000071e400000, 0x000000071e400000|100%| O|Cm|TAMS 0x000000071e200000| PB 0x000000071e200000| Complete 
| 242|0x000000071e400000, 0x000000071e400000, 0x000000071e600000|  0%| F|  |TAMS 0x000000071e400000| PB 0x000000071e400000| Untracked 
| 243|0x000000071e600000, 0x000000071e600000, 0x000000071e800000|  0%| F|  |TAMS 0x000000071e600000| PB 0x000000071e600000| Untracked 
| 244|0x000000071e800000, 0x000000071e800000, 0x000000071ea00000|  0%| F|  |TAMS 0x000000071e800000| PB 0x000000071e800000| Untracked 
| 245|0x000000071ea00000, 0x000000071ea00000, 0x000000071ec00000|  0%| F|  |TAMS 0x000000071ea00000| PB 0x000000071ea00000| Untracked 
| 246|0x000000071ec00000, 0x000000071ec00000, 0x000000071ee00000|  0%| F|  |TAMS 0x000000071ec00000| PB 0x000000071ec00000| Untracked 
| 247|0x000000071ee00000, 0x000000071ee00000, 0x000000071f000000|  0%| F|  |TAMS 0x000000071ee00000| PB 0x000000071ee00000| Untracked 
| 248|0x000000071f000000, 0x000000071f000000, 0x000000071f200000|  0%| F|  |TAMS 0x000000071f000000| PB 0x000000071f000000| Untracked 
| 249|0x000000071f200000, 0x000000071f200000, 0x000000071f400000|  0%| F|  |TAMS 0x000000071f200000| PB 0x000000071f200000| Untracked 
| 250|0x000000071f400000, 0x000000071f400000, 0x000000071f600000|  0%| F|  |TAMS 0x000000071f400000| PB 0x000000071f400000| Untracked 
| 251|0x000000071f600000, 0x000000071f600000, 0x000000071f800000|  0%| F|  |TAMS 0x000000071f600000| PB 0x000000071f600000| Untracked 
| 252|0x000000071f800000, 0x000000071f800000, 0x000000071fa00000|  0%| F|  |TAMS 0x000000071f800000| PB 0x000000071f800000| Untracked 
| 253|0x000000071fa00000, 0x000000071fa00000, 0x000000071fc00000|  0%| F|  |TAMS 0x000000071fa00000| PB 0x000000071fa00000| Untracked 
| 254|0x000000071fc00000, 0x000000071fc00000, 0x000000071fe00000|  0%| F|  |TAMS 0x000000071fc00000| PB 0x000000071fc00000| Untracked 
| 255|0x000000071fe00000, 0x000000071fe00000, 0x0000000720000000|  0%| F|  |TAMS 0x000000071fe00000| PB 0x000000071fe00000| Untracked 
| 256|0x0000000720000000, 0x0000000720000000, 0x0000000720200000|  0%| F|  |TAMS 0x0000000720000000| PB 0x0000000720000000| Untracked 
| 257|0x0000000720200000, 0x0000000720200000, 0x0000000720400000|  0%| F|  |TAMS 0x0000000720200000| PB 0x0000000720200000| Untracked 
| 258|0x0000000720400000, 0x0000000720400000, 0x0000000720600000|  0%| F|  |TAMS 0x0000000720400000| PB 0x0000000720400000| Untracked 
| 259|0x0000000720600000, 0x0000000720600000, 0x0000000720800000|  0%| F|  |TAMS 0x0000000720600000| PB 0x0000000720600000| Untracked 
| 260|0x0000000720800000, 0x0000000720800000, 0x0000000720a00000|  0%| F|  |TAMS 0x0000000720800000| PB 0x0000000720800000| Untracked 
| 261|0x0000000720a00000, 0x0000000720a00000, 0x0000000720c00000|  0%| F|  |TAMS 0x0000000720a00000| PB 0x0000000720a00000| Untracked 
| 262|0x0000000720c00000, 0x0000000720c00000, 0x0000000720e00000|  0%| F|  |TAMS 0x0000000720c00000| PB 0x0000000720c00000| Untracked 
| 263|0x0000000720e00000, 0x0000000720e00000, 0x0000000721000000|  0%| F|  |TAMS 0x0000000720e00000| PB 0x0000000720e00000| Untracked 
| 264|0x0000000721000000, 0x0000000721000000, 0x0000000721200000|  0%| F|  |TAMS 0x0000000721000000| PB 0x0000000721000000| Untracked 
| 265|0x0000000721200000, 0x0000000721200000, 0x0000000721400000|  0%| F|  |TAMS 0x0000000721200000| PB 0x0000000721200000| Untracked 
| 266|0x0000000721400000, 0x0000000721400000, 0x0000000721600000|  0%| F|  |TAMS 0x0000000721400000| PB 0x0000000721400000| Untracked 
| 267|0x0000000721600000, 0x0000000721600000, 0x0000000721800000|  0%| F|  |TAMS 0x0000000721600000| PB 0x0000000721600000| Untracked 
| 268|0x0000000721800000, 0x0000000721800000, 0x0000000721a00000|  0%| F|  |TAMS 0x0000000721800000| PB 0x0000000721800000| Untracked 
| 269|0x0000000721a00000, 0x0000000721a00000, 0x0000000721c00000|  0%| F|  |TAMS 0x0000000721a00000| PB 0x0000000721a00000| Untracked 
| 270|0x0000000721c00000, 0x0000000721c00000, 0x0000000721e00000|  0%| F|  |TAMS 0x0000000721c00000| PB 0x0000000721c00000| Untracked 
| 271|0x0000000721e00000, 0x0000000721e00000, 0x0000000722000000|  0%| F|  |TAMS 0x0000000721e00000| PB 0x0000000721e00000| Untracked 
| 272|0x0000000722000000, 0x0000000722000000, 0x0000000722200000|  0%| F|  |TAMS 0x0000000722000000| PB 0x0000000722000000| Untracked 
| 273|0x0000000722200000, 0x0000000722200000, 0x0000000722400000|  0%| F|  |TAMS 0x0000000722200000| PB 0x0000000722200000| Untracked 
| 274|0x0000000722400000, 0x0000000722400000, 0x0000000722600000|  0%| F|  |TAMS 0x0000000722400000| PB 0x0000000722400000| Untracked 
| 275|0x0000000722600000, 0x0000000722600000, 0x0000000722800000|  0%| F|  |TAMS 0x0000000722600000| PB 0x0000000722600000| Untracked 
| 276|0x0000000722800000, 0x0000000722800000, 0x0000000722a00000|  0%| F|  |TAMS 0x0000000722800000| PB 0x0000000722800000| Untracked 
| 277|0x0000000722a00000, 0x0000000722a00000, 0x0000000722c00000|  0%| F|  |TAMS 0x0000000722a00000| PB 0x0000000722a00000| Untracked 
| 278|0x0000000722c00000, 0x0000000722c00000, 0x0000000722e00000|  0%| F|  |TAMS 0x0000000722c00000| PB 0x0000000722c00000| Untracked 
| 279|0x0000000722e00000, 0x0000000722e00000, 0x0000000723000000|  0%| F|  |TAMS 0x0000000722e00000| PB 0x0000000722e00000| Untracked 
| 280|0x0000000723000000, 0x0000000723000000, 0x0000000723200000|  0%| F|  |TAMS 0x0000000723000000| PB 0x0000000723000000| Untracked 
| 281|0x0000000723200000, 0x0000000723200000, 0x0000000723400000|  0%| F|  |TAMS 0x0000000723200000| PB 0x0000000723200000| Untracked 
| 282|0x0000000723400000, 0x0000000723400000, 0x0000000723600000|  0%| F|  |TAMS 0x0000000723400000| PB 0x0000000723400000| Untracked 
| 283|0x0000000723600000, 0x0000000723600000, 0x0000000723800000|  0%| F|  |TAMS 0x0000000723600000| PB 0x0000000723600000| Untracked 
| 284|0x0000000723800000, 0x0000000723800000, 0x0000000723a00000|  0%| F|  |TAMS 0x0000000723800000| PB 0x0000000723800000| Untracked 
| 285|0x0000000723a00000, 0x0000000723a00000, 0x0000000723c00000|  0%| F|  |TAMS 0x0000000723a00000| PB 0x0000000723a00000| Untracked 
| 286|0x0000000723c00000, 0x0000000723c00000, 0x0000000723e00000|  0%| F|  |TAMS 0x0000000723c00000| PB 0x0000000723c00000| Untracked 
| 287|0x0000000723e00000, 0x0000000723e00000, 0x0000000724000000|  0%| F|  |TAMS 0x0000000723e00000| PB 0x0000000723e00000| Untracked 
| 288|0x0000000724000000, 0x0000000724000000, 0x0000000724200000|  0%| F|  |TAMS 0x0000000724000000| PB 0x0000000724000000| Untracked 
| 289|0x0000000724200000, 0x0000000724200000, 0x0000000724400000|  0%| F|  |TAMS 0x0000000724200000| PB 0x0000000724200000| Untracked 
| 290|0x0000000724400000, 0x0000000724400000, 0x0000000724600000|  0%| F|  |TAMS 0x0000000724400000| PB 0x0000000724400000| Untracked 
| 291|0x0000000724600000, 0x0000000724600000, 0x0000000724800000|  0%| F|  |TAMS 0x0000000724600000| PB 0x0000000724600000| Untracked 
| 292|0x0000000724800000, 0x0000000724800000, 0x0000000724a00000|  0%| F|  |TAMS 0x0000000724800000| PB 0x0000000724800000| Untracked 
| 293|0x0000000724a00000, 0x0000000724a00000, 0x0000000724c00000|  0%| F|  |TAMS 0x0000000724a00000| PB 0x0000000724a00000| Untracked 
| 294|0x0000000724c00000, 0x0000000724c00000, 0x0000000724e00000|  0%| F|  |TAMS 0x0000000724c00000| PB 0x0000000724c00000| Untracked 
| 295|0x0000000724e00000, 0x0000000724e00000, 0x0000000725000000|  0%| F|  |TAMS 0x0000000724e00000| PB 0x0000000724e00000| Untracked 
| 296|0x0000000725000000, 0x0000000725000000, 0x0000000725200000|  0%| F|  |TAMS 0x0000000725000000| PB 0x0000000725000000| Untracked 
| 297|0x0000000725200000, 0x0000000725200000, 0x0000000725400000|  0%| F|  |TAMS 0x0000000725200000| PB 0x0000000725200000| Untracked 
| 298|0x0000000725400000, 0x0000000725400000, 0x0000000725600000|  0%| F|  |TAMS 0x0000000725400000| PB 0x0000000725400000| Untracked 
| 299|0x0000000725600000, 0x0000000725600000, 0x0000000725800000|  0%| F|  |TAMS 0x0000000725600000| PB 0x0000000725600000| Untracked 
| 300|0x0000000725800000, 0x0000000725800000, 0x0000000725a00000|  0%| F|  |TAMS 0x0000000725800000| PB 0x0000000725800000| Untracked 
| 301|0x0000000725a00000, 0x0000000725a00000, 0x0000000725c00000|  0%| F|  |TAMS 0x0000000725a00000| PB 0x0000000725a00000| Untracked 
| 302|0x0000000725c00000, 0x0000000725c00000, 0x0000000725e00000|  0%| F|  |TAMS 0x0000000725c00000| PB 0x0000000725c00000| Untracked 
| 303|0x0000000725e00000, 0x0000000725e00000, 0x0000000726000000|  0%| F|  |TAMS 0x0000000725e00000| PB 0x0000000725e00000| Untracked 
| 304|0x0000000726000000, 0x0000000726000000, 0x0000000726200000|  0%| F|  |TAMS 0x0000000726000000| PB 0x0000000726000000| Untracked 
| 305|0x0000000726200000, 0x0000000726200000, 0x0000000726400000|  0%| F|  |TAMS 0x0000000726200000| PB 0x0000000726200000| Untracked 
| 306|0x0000000726400000, 0x0000000726400000, 0x0000000726600000|  0%| F|  |TAMS 0x0000000726400000| PB 0x0000000726400000| Untracked 
| 307|0x0000000726600000, 0x0000000726600000, 0x0000000726800000|  0%| F|  |TAMS 0x0000000726600000| PB 0x0000000726600000| Untracked 
| 308|0x0000000726800000, 0x0000000726800000, 0x0000000726a00000|  0%| F|  |TAMS 0x0000000726800000| PB 0x0000000726800000| Untracked 
| 309|0x0000000726a00000, 0x0000000726a00000, 0x0000000726c00000|  0%| F|  |TAMS 0x0000000726a00000| PB 0x0000000726a00000| Untracked 
| 310|0x0000000726c00000, 0x0000000726c00000, 0x0000000726e00000|  0%| F|  |TAMS 0x0000000726c00000| PB 0x0000000726c00000| Untracked 
| 311|0x0000000726e00000, 0x0000000726e00000, 0x0000000727000000|  0%| F|  |TAMS 0x0000000726e00000| PB 0x0000000726e00000| Untracked 
| 312|0x0000000727000000, 0x0000000727000000, 0x0000000727200000|  0%| F|  |TAMS 0x0000000727000000| PB 0x0000000727000000| Untracked 
| 313|0x0000000727200000, 0x0000000727200000, 0x0000000727400000|  0%| F|  |TAMS 0x0000000727200000| PB 0x0000000727200000| Untracked 
| 314|0x0000000727400000, 0x0000000727400000, 0x0000000727600000|  0%| F|  |TAMS 0x0000000727400000| PB 0x0000000727400000| Untracked 
| 315|0x0000000727600000, 0x0000000727600000, 0x0000000727800000|  0%| F|  |TAMS 0x0000000727600000| PB 0x0000000727600000| Untracked 
| 316|0x0000000727800000, 0x0000000727800000, 0x0000000727a00000|  0%| F|  |TAMS 0x0000000727800000| PB 0x0000000727800000| Untracked 
| 317|0x0000000727a00000, 0x0000000727a00000, 0x0000000727c00000|  0%| F|  |TAMS 0x0000000727a00000| PB 0x0000000727a00000| Untracked 
| 318|0x0000000727c00000, 0x0000000727c00000, 0x0000000727e00000|  0%| F|  |TAMS 0x0000000727c00000| PB 0x0000000727c00000| Untracked 
| 319|0x0000000727e00000, 0x0000000727e00000, 0x0000000728000000|  0%| F|  |TAMS 0x0000000727e00000| PB 0x0000000727e00000| Untracked 
| 320|0x0000000728000000, 0x0000000728000000, 0x0000000728200000|  0%| F|  |TAMS 0x0000000728000000| PB 0x0000000728000000| Untracked 
| 321|0x0000000728200000, 0x0000000728200000, 0x0000000728400000|  0%| F|  |TAMS 0x0000000728200000| PB 0x0000000728200000| Untracked 
| 322|0x0000000728400000, 0x0000000728400000, 0x0000000728600000|  0%| F|  |TAMS 0x0000000728400000| PB 0x0000000728400000| Untracked 
| 323|0x0000000728600000, 0x0000000728600000, 0x0000000728800000|  0%| F|  |TAMS 0x0000000728600000| PB 0x0000000728600000| Untracked 
| 324|0x0000000728800000, 0x0000000728800000, 0x0000000728a00000|  0%| F|  |TAMS 0x0000000728800000| PB 0x0000000728800000| Untracked 
| 325|0x0000000728a00000, 0x0000000728a00000, 0x0000000728c00000|  0%| F|  |TAMS 0x0000000728a00000| PB 0x0000000728a00000| Untracked 
| 326|0x0000000728c00000, 0x0000000728c00000, 0x0000000728e00000|  0%| F|  |TAMS 0x0000000728c00000| PB 0x0000000728c00000| Untracked 
| 327|0x0000000728e00000, 0x0000000728e00000, 0x0000000729000000|  0%| F|  |TAMS 0x0000000728e00000| PB 0x0000000728e00000| Untracked 
| 328|0x0000000729000000, 0x0000000729000000, 0x0000000729200000|  0%| F|  |TAMS 0x0000000729000000| PB 0x0000000729000000| Untracked 
| 329|0x0000000729200000, 0x0000000729200000, 0x0000000729400000|  0%| F|  |TAMS 0x0000000729200000| PB 0x0000000729200000| Untracked 
| 330|0x0000000729400000, 0x0000000729400000, 0x0000000729600000|  0%| F|  |TAMS 0x0000000729400000| PB 0x0000000729400000| Untracked 
| 331|0x0000000729600000, 0x0000000729600000, 0x0000000729800000|  0%| F|  |TAMS 0x0000000729600000| PB 0x0000000729600000| Untracked 
| 332|0x0000000729800000, 0x0000000729800000, 0x0000000729a00000|  0%| F|  |TAMS 0x0000000729800000| PB 0x0000000729800000| Untracked 
| 333|0x0000000729a00000, 0x0000000729a00000, 0x0000000729c00000|  0%| F|  |TAMS 0x0000000729a00000| PB 0x0000000729a00000| Untracked 
| 334|0x0000000729c00000, 0x0000000729c00000, 0x0000000729e00000|  0%| F|  |TAMS 0x0000000729c00000| PB 0x0000000729c00000| Untracked 
| 335|0x0000000729e00000, 0x0000000729e00000, 0x000000072a000000|  0%| F|  |TAMS 0x0000000729e00000| PB 0x0000000729e00000| Untracked 
| 336|0x000000072a000000, 0x000000072a000000, 0x000000072a200000|  0%| F|  |TAMS 0x000000072a000000| PB 0x000000072a000000| Untracked 
| 337|0x000000072a200000, 0x000000072a200000, 0x000000072a400000|  0%| F|  |TAMS 0x000000072a200000| PB 0x000000072a200000| Untracked 
| 338|0x000000072a400000, 0x000000072a400000, 0x000000072a600000|  0%| F|  |TAMS 0x000000072a400000| PB 0x000000072a400000| Untracked 
| 339|0x000000072a600000, 0x000000072a600000, 0x000000072a800000|  0%| F|  |TAMS 0x000000072a600000| PB 0x000000072a600000| Untracked 
| 340|0x000000072a800000, 0x000000072a800000, 0x000000072aa00000|  0%| F|  |TAMS 0x000000072a800000| PB 0x000000072a800000| Untracked 
| 341|0x000000072aa00000, 0x000000072aa00000, 0x000000072ac00000|  0%| F|  |TAMS 0x000000072aa00000| PB 0x000000072aa00000| Untracked 
| 342|0x000000072ac00000, 0x000000072ac00000, 0x000000072ae00000|  0%| F|  |TAMS 0x000000072ac00000| PB 0x000000072ac00000| Untracked 
| 343|0x000000072ae00000, 0x000000072ae00000, 0x000000072b000000|  0%| F|  |TAMS 0x000000072ae00000| PB 0x000000072ae00000| Untracked 
| 344|0x000000072b000000, 0x000000072b000000, 0x000000072b200000|  0%| F|  |TAMS 0x000000072b000000| PB 0x000000072b000000| Untracked 
| 345|0x000000072b200000, 0x000000072b200000, 0x000000072b400000|  0%| F|  |TAMS 0x000000072b200000| PB 0x000000072b200000| Untracked 
| 346|0x000000072b400000, 0x000000072b400000, 0x000000072b600000|  0%| F|  |TAMS 0x000000072b400000| PB 0x000000072b400000| Untracked 
| 347|0x000000072b600000, 0x000000072b600000, 0x000000072b800000|  0%| F|  |TAMS 0x000000072b600000| PB 0x000000072b600000| Untracked 
| 348|0x000000072b800000, 0x000000072b800000, 0x000000072ba00000|  0%| F|  |TAMS 0x000000072b800000| PB 0x000000072b800000| Untracked 
| 349|0x000000072ba00000, 0x000000072ba00000, 0x000000072bc00000|  0%| F|  |TAMS 0x000000072ba00000| PB 0x000000072ba00000| Untracked 
| 350|0x000000072bc00000, 0x000000072bc00000, 0x000000072be00000|  0%| F|  |TAMS 0x000000072bc00000| PB 0x000000072bc00000| Untracked 
| 351|0x000000072be00000, 0x000000072be00000, 0x000000072c000000|  0%| F|  |TAMS 0x000000072be00000| PB 0x000000072be00000| Untracked 
| 352|0x000000072c000000, 0x000000072c000000, 0x000000072c200000|  0%| F|  |TAMS 0x000000072c000000| PB 0x000000072c000000| Untracked 
| 353|0x000000072c200000, 0x000000072c200000, 0x000000072c400000|  0%| F|  |TAMS 0x000000072c200000| PB 0x000000072c200000| Untracked 
| 354|0x000000072c400000, 0x000000072c400000, 0x000000072c600000|  0%| F|  |TAMS 0x000000072c400000| PB 0x000000072c400000| Untracked 
| 355|0x000000072c600000, 0x000000072c600000, 0x000000072c800000|  0%| F|  |TAMS 0x000000072c600000| PB 0x000000072c600000| Untracked 
| 356|0x000000072c800000, 0x000000072c800000, 0x000000072ca00000|  0%| F|  |TAMS 0x000000072c800000| PB 0x000000072c800000| Untracked 
| 357|0x000000072ca00000, 0x000000072ca00000, 0x000000072cc00000|  0%| F|  |TAMS 0x000000072ca00000| PB 0x000000072ca00000| Untracked 
| 358|0x000000072cc00000, 0x000000072cc00000, 0x000000072ce00000|  0%| F|  |TAMS 0x000000072cc00000| PB 0x000000072cc00000| Untracked 
| 359|0x000000072ce00000, 0x000000072ce00000, 0x000000072d000000|  0%| F|  |TAMS 0x000000072ce00000| PB 0x000000072ce00000| Untracked 
| 360|0x000000072d000000, 0x000000072d000000, 0x000000072d200000|  0%| F|  |TAMS 0x000000072d000000| PB 0x000000072d000000| Untracked 
| 361|0x000000072d200000, 0x000000072d200000, 0x000000072d400000|  0%| F|  |TAMS 0x000000072d200000| PB 0x000000072d200000| Untracked 
| 362|0x000000072d400000, 0x000000072d400000, 0x000000072d600000|  0%| F|  |TAMS 0x000000072d400000| PB 0x000000072d400000| Untracked 
| 363|0x000000072d600000, 0x000000072d600000, 0x000000072d800000|  0%| F|  |TAMS 0x000000072d600000| PB 0x000000072d600000| Untracked 
| 364|0x000000072d800000, 0x000000072d800000, 0x000000072da00000|  0%| F|  |TAMS 0x000000072d800000| PB 0x000000072d800000| Untracked 
| 365|0x000000072da00000, 0x000000072da00000, 0x000000072dc00000|  0%| F|  |TAMS 0x000000072da00000| PB 0x000000072da00000| Untracked 
| 366|0x000000072dc00000, 0x000000072dc00000, 0x000000072de00000|  0%| F|  |TAMS 0x000000072dc00000| PB 0x000000072dc00000| Untracked 
| 367|0x000000072de00000, 0x000000072de00000, 0x000000072e000000|  0%| F|  |TAMS 0x000000072de00000| PB 0x000000072de00000| Untracked 
| 368|0x000000072e000000, 0x000000072e000000, 0x000000072e200000|  0%| F|  |TAMS 0x000000072e000000| PB 0x000000072e000000| Untracked 
| 369|0x000000072e200000, 0x000000072e200000, 0x000000072e400000|  0%| F|  |TAMS 0x000000072e200000| PB 0x000000072e200000| Untracked 
| 370|0x000000072e400000, 0x000000072e400000, 0x000000072e600000|  0%| F|  |TAMS 0x000000072e400000| PB 0x000000072e400000| Untracked 
| 371|0x000000072e600000, 0x000000072e600000, 0x000000072e800000|  0%| F|  |TAMS 0x000000072e600000| PB 0x000000072e600000| Untracked 
| 372|0x000000072e800000, 0x000000072e800000, 0x000000072ea00000|  0%| F|  |TAMS 0x000000072e800000| PB 0x000000072e800000| Untracked 
| 373|0x000000072ea00000, 0x000000072ea00000, 0x000000072ec00000|  0%| F|  |TAMS 0x000000072ea00000| PB 0x000000072ea00000| Untracked 
| 374|0x000000072ec00000, 0x000000072ec00000, 0x000000072ee00000|  0%| F|  |TAMS 0x000000072ec00000| PB 0x000000072ec00000| Untracked 
| 375|0x000000072ee00000, 0x000000072ee00000, 0x000000072f000000|  0%| F|  |TAMS 0x000000072ee00000| PB 0x000000072ee00000| Untracked 
| 376|0x000000072f000000, 0x000000072f000000, 0x000000072f200000|  0%| F|  |TAMS 0x000000072f000000| PB 0x000000072f000000| Untracked 
| 377|0x000000072f200000, 0x000000072f200000, 0x000000072f400000|  0%| F|  |TAMS 0x000000072f200000| PB 0x000000072f200000| Untracked 
| 378|0x000000072f400000, 0x000000072f400000, 0x000000072f600000|  0%| F|  |TAMS 0x000000072f400000| PB 0x000000072f400000| Untracked 
| 379|0x000000072f600000, 0x000000072f600000, 0x000000072f800000|  0%| F|  |TAMS 0x000000072f600000| PB 0x000000072f600000| Untracked 
| 380|0x000000072f800000, 0x000000072f800000, 0x000000072fa00000|  0%| F|  |TAMS 0x000000072f800000| PB 0x000000072f800000| Untracked 
| 381|0x000000072fa00000, 0x000000072fa00000, 0x000000072fc00000|  0%| F|  |TAMS 0x000000072fa00000| PB 0x000000072fa00000| Untracked 
| 382|0x000000072fc00000, 0x000000072fc00000, 0x000000072fe00000|  0%| F|  |TAMS 0x000000072fc00000| PB 0x000000072fc00000| Untracked 
| 383|0x000000072fe00000, 0x000000072fe00000, 0x0000000730000000|  0%| F|  |TAMS 0x000000072fe00000| PB 0x000000072fe00000| Untracked 
| 384|0x0000000730000000, 0x0000000730000000, 0x0000000730200000|  0%| F|  |TAMS 0x0000000730000000| PB 0x0000000730000000| Untracked 
| 385|0x0000000730200000, 0x0000000730200000, 0x0000000730400000|  0%| F|  |TAMS 0x0000000730200000| PB 0x0000000730200000| Untracked 
| 386|0x0000000730400000, 0x0000000730400000, 0x0000000730600000|  0%| F|  |TAMS 0x0000000730400000| PB 0x0000000730400000| Untracked 
| 387|0x0000000730600000, 0x0000000730600000, 0x0000000730800000|  0%| F|  |TAMS 0x0000000730600000| PB 0x0000000730600000| Untracked 
| 388|0x0000000730800000, 0x0000000730800000, 0x0000000730a00000|  0%| F|  |TAMS 0x0000000730800000| PB 0x0000000730800000| Untracked 
| 389|0x0000000730a00000, 0x0000000730a00000, 0x0000000730c00000|  0%| F|  |TAMS 0x0000000730a00000| PB 0x0000000730a00000| Untracked 
| 390|0x0000000730c00000, 0x0000000730c00000, 0x0000000730e00000|  0%| F|  |TAMS 0x0000000730c00000| PB 0x0000000730c00000| Untracked 
| 391|0x0000000730e00000, 0x0000000730e00000, 0x0000000731000000|  0%| F|  |TAMS 0x0000000730e00000| PB 0x0000000730e00000| Untracked 
| 392|0x0000000731000000, 0x0000000731000000, 0x0000000731200000|  0%| F|  |TAMS 0x0000000731000000| PB 0x0000000731000000| Untracked 
| 393|0x0000000731200000, 0x0000000731200000, 0x0000000731400000|  0%| F|  |TAMS 0x0000000731200000| PB 0x0000000731200000| Untracked 
| 394|0x0000000731400000, 0x0000000731400000, 0x0000000731600000|  0%| F|  |TAMS 0x0000000731400000| PB 0x0000000731400000| Untracked 
| 395|0x0000000731600000, 0x0000000731600000, 0x0000000731800000|  0%| F|  |TAMS 0x0000000731600000| PB 0x0000000731600000| Untracked 
| 396|0x0000000731800000, 0x0000000731800000, 0x0000000731a00000|  0%| F|  |TAMS 0x0000000731800000| PB 0x0000000731800000| Untracked 
| 397|0x0000000731a00000, 0x0000000731a00000, 0x0000000731c00000|  0%| F|  |TAMS 0x0000000731a00000| PB 0x0000000731a00000| Untracked 
| 398|0x0000000731c00000, 0x0000000731c00000, 0x0000000731e00000|  0%| F|  |TAMS 0x0000000731c00000| PB 0x0000000731c00000| Untracked 
| 399|0x0000000731e00000, 0x0000000731e00000, 0x0000000732000000|  0%| F|  |TAMS 0x0000000731e00000| PB 0x0000000731e00000| Untracked 
| 400|0x0000000732000000, 0x0000000732000000, 0x0000000732200000|  0%| F|  |TAMS 0x0000000732000000| PB 0x0000000732000000| Untracked 
| 401|0x0000000732200000, 0x0000000732200000, 0x0000000732400000|  0%| F|  |TAMS 0x0000000732200000| PB 0x0000000732200000| Untracked 
| 402|0x0000000732400000, 0x0000000732400000, 0x0000000732600000|  0%| F|  |TAMS 0x0000000732400000| PB 0x0000000732400000| Untracked 
| 403|0x0000000732600000, 0x0000000732600000, 0x0000000732800000|  0%| F|  |TAMS 0x0000000732600000| PB 0x0000000732600000| Untracked 
| 404|0x0000000732800000, 0x0000000732800000, 0x0000000732a00000|  0%| F|  |TAMS 0x0000000732800000| PB 0x0000000732800000| Untracked 
| 405|0x0000000732a00000, 0x0000000732a00000, 0x0000000732c00000|  0%| F|  |TAMS 0x0000000732a00000| PB 0x0000000732a00000| Untracked 
| 406|0x0000000732c00000, 0x0000000732c00000, 0x0000000732e00000|  0%| F|  |TAMS 0x0000000732c00000| PB 0x0000000732c00000| Untracked 
| 407|0x0000000732e00000, 0x0000000732e00000, 0x0000000733000000|  0%| F|  |TAMS 0x0000000732e00000| PB 0x0000000732e00000| Untracked 
| 408|0x0000000733000000, 0x0000000733000000, 0x0000000733200000|  0%| F|  |TAMS 0x0000000733000000| PB 0x0000000733000000| Untracked 
| 409|0x0000000733200000, 0x0000000733200000, 0x0000000733400000|  0%| F|  |TAMS 0x0000000733200000| PB 0x0000000733200000| Untracked 
| 410|0x0000000733400000, 0x0000000733400000, 0x0000000733600000|  0%| F|  |TAMS 0x0000000733400000| PB 0x0000000733400000| Untracked 
| 411|0x0000000733600000, 0x0000000733600000, 0x0000000733800000|  0%| F|  |TAMS 0x0000000733600000| PB 0x0000000733600000| Untracked 
| 412|0x0000000733800000, 0x0000000733800000, 0x0000000733a00000|  0%| F|  |TAMS 0x0000000733800000| PB 0x0000000733800000| Untracked 
| 413|0x0000000733a00000, 0x0000000733a00000, 0x0000000733c00000|  0%| F|  |TAMS 0x0000000733a00000| PB 0x0000000733a00000| Untracked 
| 414|0x0000000733c00000, 0x0000000733c00000, 0x0000000733e00000|  0%| F|  |TAMS 0x0000000733c00000| PB 0x0000000733c00000| Untracked 
| 415|0x0000000733e00000, 0x0000000733e00000, 0x0000000734000000|  0%| F|  |TAMS 0x0000000733e00000| PB 0x0000000733e00000| Untracked 
| 416|0x0000000734000000, 0x0000000734200000, 0x0000000734200000|100%| S|CS|TAMS 0x0000000734000000| PB 0x0000000734000000| Complete 
| 417|0x0000000734200000, 0x0000000734400000, 0x0000000734400000|100%| S|CS|TAMS 0x0000000734200000| PB 0x0000000734200000| Complete 
| 418|0x0000000734400000, 0x0000000734600000, 0x0000000734600000|100%| S|CS|TAMS 0x0000000734400000| PB 0x0000000734400000| Complete 
| 419|0x0000000734600000, 0x0000000734800000, 0x0000000734800000|100%| S|CS|TAMS 0x0000000734600000| PB 0x0000000734600000| Complete 
| 420|0x0000000734800000, 0x0000000734a00000, 0x0000000734a00000|100%| S|CS|TAMS 0x0000000734800000| PB 0x0000000734800000| Complete 
| 421|0x0000000734a00000, 0x0000000734c00000, 0x0000000734c00000|100%| S|CS|TAMS 0x0000000734a00000| PB 0x0000000734a00000| Complete 
| 422|0x0000000734c00000, 0x0000000734e00000, 0x0000000734e00000|100%| S|CS|TAMS 0x0000000734c00000| PB 0x0000000734c00000| Complete 
| 423|0x0000000734e00000, 0x0000000735000000, 0x0000000735000000|100%| S|CS|TAMS 0x0000000734e00000| PB 0x0000000734e00000| Complete 
| 424|0x0000000735000000, 0x0000000735200000, 0x0000000735200000|100%| S|CS|TAMS 0x0000000735000000| PB 0x0000000735000000| Complete 
| 425|0x0000000735200000, 0x0000000735400000, 0x0000000735400000|100%| S|CS|TAMS 0x0000000735200000| PB 0x0000000735200000| Complete 
| 426|0x0000000735400000, 0x0000000735600000, 0x0000000735600000|100%| S|CS|TAMS 0x0000000735400000| PB 0x0000000735400000| Complete 
| 427|0x0000000735600000, 0x0000000735800000, 0x0000000735800000|100%| S|CS|TAMS 0x0000000735600000| PB 0x0000000735600000| Complete 
| 428|0x0000000735800000, 0x0000000735a00000, 0x0000000735a00000|100%| S|CS|TAMS 0x0000000735800000| PB 0x0000000735800000| Complete 
| 429|0x0000000735a00000, 0x0000000735c00000, 0x0000000735c00000|100%| S|CS|TAMS 0x0000000735a00000| PB 0x0000000735a00000| Complete 
| 430|0x0000000735c00000, 0x0000000735c00000, 0x0000000735e00000|  0%| F|  |TAMS 0x0000000735c00000| PB 0x0000000735c00000| Untracked 
| 431|0x0000000735e00000, 0x0000000735e00000, 0x0000000736000000|  0%| F|  |TAMS 0x0000000735e00000| PB 0x0000000735e00000| Untracked 
| 432|0x0000000736000000, 0x0000000736000000, 0x0000000736200000|  0%| F|  |TAMS 0x0000000736000000| PB 0x0000000736000000| Untracked 
| 433|0x0000000736200000, 0x0000000736200000, 0x0000000736400000|  0%| F|  |TAMS 0x0000000736200000| PB 0x0000000736200000| Untracked 
| 434|0x0000000736400000, 0x0000000736400000, 0x0000000736600000|  0%| F|  |TAMS 0x0000000736400000| PB 0x0000000736400000| Untracked 
| 435|0x0000000736600000, 0x0000000736600000, 0x0000000736800000|  0%| F|  |TAMS 0x0000000736600000| PB 0x0000000736600000| Untracked 
| 436|0x0000000736800000, 0x0000000736800000, 0x0000000736a00000|  0%| F|  |TAMS 0x0000000736800000| PB 0x0000000736800000| Untracked 
| 437|0x0000000736a00000, 0x0000000736a00000, 0x0000000736c00000|  0%| F|  |TAMS 0x0000000736a00000| PB 0x0000000736a00000| Untracked 
| 438|0x0000000736c00000, 0x0000000736c00000, 0x0000000736e00000|  0%| F|  |TAMS 0x0000000736c00000| PB 0x0000000736c00000| Untracked 
| 439|0x0000000736e00000, 0x0000000736e00000, 0x0000000737000000|  0%| F|  |TAMS 0x0000000736e00000| PB 0x0000000736e00000| Untracked 
| 440|0x0000000737000000, 0x0000000737000000, 0x0000000737200000|  0%| F|  |TAMS 0x0000000737000000| PB 0x0000000737000000| Untracked 
| 441|0x0000000737200000, 0x0000000737200000, 0x0000000737400000|  0%| F|  |TAMS 0x0000000737200000| PB 0x0000000737200000| Untracked 
| 442|0x0000000737400000, 0x0000000737400000, 0x0000000737600000|  0%| F|  |TAMS 0x0000000737400000| PB 0x0000000737400000| Untracked 
| 443|0x0000000737600000, 0x0000000737600000, 0x0000000737800000|  0%| F|  |TAMS 0x0000000737600000| PB 0x0000000737600000| Untracked 
| 444|0x0000000737800000, 0x0000000737800000, 0x0000000737a00000|  0%| F|  |TAMS 0x0000000737800000| PB 0x0000000737800000| Untracked 
| 445|0x0000000737a00000, 0x0000000737a00000, 0x0000000737c00000|  0%| F|  |TAMS 0x0000000737a00000| PB 0x0000000737a00000| Untracked 
| 446|0x0000000737c00000, 0x0000000737c00000, 0x0000000737e00000|  0%| F|  |TAMS 0x0000000737c00000| PB 0x0000000737c00000| Untracked 
| 447|0x0000000737e00000, 0x0000000737e00000, 0x0000000738000000|  0%| F|  |TAMS 0x0000000737e00000| PB 0x0000000737e00000| Untracked 
| 448|0x0000000738000000, 0x0000000738000000, 0x0000000738200000|  0%| F|  |TAMS 0x0000000738000000| PB 0x0000000738000000| Untracked 
| 449|0x0000000738200000, 0x0000000738200000, 0x0000000738400000|  0%| F|  |TAMS 0x0000000738200000| PB 0x0000000738200000| Untracked 
| 450|0x0000000738400000, 0x0000000738400000, 0x0000000738600000|  0%| F|  |TAMS 0x0000000738400000| PB 0x0000000738400000| Untracked 
| 451|0x0000000738600000, 0x0000000738600000, 0x0000000738800000|  0%| F|  |TAMS 0x0000000738600000| PB 0x0000000738600000| Untracked 
| 452|0x0000000738800000, 0x0000000738800000, 0x0000000738a00000|  0%| F|  |TAMS 0x0000000738800000| PB 0x0000000738800000| Untracked 
| 453|0x0000000738a00000, 0x0000000738a00000, 0x0000000738c00000|  0%| F|  |TAMS 0x0000000738a00000| PB 0x0000000738a00000| Untracked 
| 454|0x0000000738c00000, 0x0000000738c00000, 0x0000000738e00000|  0%| F|  |TAMS 0x0000000738c00000| PB 0x0000000738c00000| Untracked 
| 455|0x0000000738e00000, 0x0000000738e00000, 0x0000000739000000|  0%| F|  |TAMS 0x0000000738e00000| PB 0x0000000738e00000| Untracked 
| 456|0x0000000739000000, 0x0000000739000000, 0x0000000739200000|  0%| F|  |TAMS 0x0000000739000000| PB 0x0000000739000000| Untracked 
| 457|0x0000000739200000, 0x0000000739200000, 0x0000000739400000|  0%| F|  |TAMS 0x0000000739200000| PB 0x0000000739200000| Untracked 
| 458|0x0000000739400000, 0x0000000739400000, 0x0000000739600000|  0%| F|  |TAMS 0x0000000739400000| PB 0x0000000739400000| Untracked 
| 459|0x0000000739600000, 0x0000000739600000, 0x0000000739800000|  0%| F|  |TAMS 0x0000000739600000| PB 0x0000000739600000| Untracked 
| 460|0x0000000739800000, 0x0000000739800000, 0x0000000739a00000|  0%| F|  |TAMS 0x0000000739800000| PB 0x0000000739800000| Untracked 
| 461|0x0000000739a00000, 0x0000000739a00000, 0x0000000739c00000|  0%| F|  |TAMS 0x0000000739a00000| PB 0x0000000739a00000| Untracked 
| 462|0x0000000739c00000, 0x0000000739c00000, 0x0000000739e00000|  0%| F|  |TAMS 0x0000000739c00000| PB 0x0000000739c00000| Untracked 
| 463|0x0000000739e00000, 0x0000000739e00000, 0x000000073a000000|  0%| F|  |TAMS 0x0000000739e00000| PB 0x0000000739e00000| Untracked 
| 464|0x000000073a000000, 0x000000073a000000, 0x000000073a200000|  0%| F|  |TAMS 0x000000073a000000| PB 0x000000073a000000| Untracked 
| 465|0x000000073a200000, 0x000000073a200000, 0x000000073a400000|  0%| F|  |TAMS 0x000000073a200000| PB 0x000000073a200000| Untracked 
| 466|0x000000073a400000, 0x000000073a400000, 0x000000073a600000|  0%| F|  |TAMS 0x000000073a400000| PB 0x000000073a400000| Untracked 
| 467|0x000000073a600000, 0x000000073a600000, 0x000000073a800000|  0%| F|  |TAMS 0x000000073a600000| PB 0x000000073a600000| Untracked 
| 468|0x000000073a800000, 0x000000073a8035a8, 0x000000073aa00000|  0%| E|  |TAMS 0x000000073a800000| PB 0x000000073a800000| Complete 
| 469|0x000000073aa00000, 0x000000073ac00000, 0x000000073ac00000|100%| E|CS|TAMS 0x000000073aa00000| PB 0x000000073aa00000| Complete 
| 470|0x000000073ac00000, 0x000000073ae00000, 0x000000073ae00000|100%| E|CS|TAMS 0x000000073ac00000| PB 0x000000073ac00000| Complete 
| 471|0x000000073ae00000, 0x000000073b000000, 0x000000073b000000|100%| E|CS|TAMS 0x000000073ae00000| PB 0x000000073ae00000| Complete 
| 472|0x000000073b000000, 0x000000073b200000, 0x000000073b200000|100%| E|CS|TAMS 0x000000073b000000| PB 0x000000073b000000| Complete 
| 473|0x000000073b200000, 0x000000073b400000, 0x000000073b400000|100%| E|CS|TAMS 0x000000073b200000| PB 0x000000073b200000| Complete 
| 474|0x000000073b400000, 0x000000073b600000, 0x000000073b600000|100%| E|CS|TAMS 0x000000073b400000| PB 0x000000073b400000| Complete 
| 475|0x000000073b600000, 0x000000073b800000, 0x000000073b800000|100%| E|CS|TAMS 0x000000073b600000| PB 0x000000073b600000| Complete 
| 476|0x000000073b800000, 0x000000073ba00000, 0x000000073ba00000|100%| E|CS|TAMS 0x000000073b800000| PB 0x000000073b800000| Complete 
| 477|0x000000073ba00000, 0x000000073bc00000, 0x000000073bc00000|100%| E|CS|TAMS 0x000000073ba00000| PB 0x000000073ba00000| Complete 
| 478|0x000000073bc00000, 0x000000073be00000, 0x000000073be00000|100%| E|CS|TAMS 0x000000073bc00000| PB 0x000000073bc00000| Complete 
| 479|0x000000073be00000, 0x000000073c000000, 0x000000073c000000|100%| E|CS|TAMS 0x000000073be00000| PB 0x000000073be00000| Complete 
| 480|0x000000073c000000, 0x000000073c200000, 0x000000073c200000|100%| E|CS|TAMS 0x000000073c000000| PB 0x000000073c000000| Complete 
| 481|0x000000073c200000, 0x000000073c400000, 0x000000073c400000|100%| E|CS|TAMS 0x000000073c200000| PB 0x000000073c200000| Complete 
| 482|0x000000073c400000, 0x000000073c600000, 0x000000073c600000|100%| E|CS|TAMS 0x000000073c400000| PB 0x000000073c400000| Complete 
| 483|0x000000073c600000, 0x000000073c800000, 0x000000073c800000|100%| E|CS|TAMS 0x000000073c600000| PB 0x000000073c600000| Complete 
| 484|0x000000073c800000, 0x000000073ca00000, 0x000000073ca00000|100%| E|CS|TAMS 0x000000073c800000| PB 0x000000073c800000| Complete 
| 485|0x000000073ca00000, 0x000000073cc00000, 0x000000073cc00000|100%| E|CS|TAMS 0x000000073ca00000| PB 0x000000073ca00000| Complete 
| 486|0x000000073cc00000, 0x000000073ce00000, 0x000000073ce00000|100%| E|CS|TAMS 0x000000073cc00000| PB 0x000000073cc00000| Complete 
| 487|0x000000073ce00000, 0x000000073d000000, 0x000000073d000000|100%| E|CS|TAMS 0x000000073ce00000| PB 0x000000073ce00000| Complete 
| 488|0x000000073d000000, 0x000000073d200000, 0x000000073d200000|100%| E|CS|TAMS 0x000000073d000000| PB 0x000000073d000000| Complete 
| 489|0x000000073d200000, 0x000000073d400000, 0x000000073d400000|100%| E|CS|TAMS 0x000000073d200000| PB 0x000000073d200000| Complete 
| 490|0x000000073d400000, 0x000000073d600000, 0x000000073d600000|100%| E|CS|TAMS 0x000000073d400000| PB 0x000000073d400000| Complete 
| 491|0x000000073d600000, 0x000000073d800000, 0x000000073d800000|100%| E|CS|TAMS 0x000000073d600000| PB 0x000000073d600000| Complete 
| 492|0x000000073d800000, 0x000000073da00000, 0x000000073da00000|100%| E|CS|TAMS 0x000000073d800000| PB 0x000000073d800000| Complete 
| 493|0x000000073da00000, 0x000000073dc00000, 0x000000073dc00000|100%| E|CS|TAMS 0x000000073da00000| PB 0x000000073da00000| Complete 
| 494|0x000000073dc00000, 0x000000073de00000, 0x000000073de00000|100%| E|CS|TAMS 0x000000073dc00000| PB 0x000000073dc00000| Complete 
| 495|0x000000073de00000, 0x000000073e000000, 0x000000073e000000|100%| E|CS|TAMS 0x000000073de00000| PB 0x000000073de00000| Complete 
| 496|0x000000073e000000, 0x000000073e200000, 0x000000073e200000|100%| E|CS|TAMS 0x000000073e000000| PB 0x000000073e000000| Complete 
| 497|0x000000073e200000, 0x000000073e400000, 0x000000073e400000|100%| E|CS|TAMS 0x000000073e200000| PB 0x000000073e200000| Complete 
| 498|0x000000073e400000, 0x000000073e600000, 0x000000073e600000|100%| E|CS|TAMS 0x000000073e400000| PB 0x000000073e400000| Complete 
| 499|0x000000073e600000, 0x000000073e800000, 0x000000073e800000|100%| E|CS|TAMS 0x000000073e600000| PB 0x000000073e600000| Complete 
| 500|0x000000073e800000, 0x000000073ea00000, 0x000000073ea00000|100%| E|CS|TAMS 0x000000073e800000| PB 0x000000073e800000| Complete 
| 501|0x000000073ea00000, 0x000000073ec00000, 0x000000073ec00000|100%| E|CS|TAMS 0x000000073ea00000| PB 0x000000073ea00000| Complete 
| 502|0x000000073ec00000, 0x000000073ee00000, 0x000000073ee00000|100%| E|CS|TAMS 0x000000073ec00000| PB 0x000000073ec00000| Complete 
| 503|0x000000073ee00000, 0x000000073f000000, 0x000000073f000000|100%| E|CS|TAMS 0x000000073ee00000| PB 0x000000073ee00000| Complete 
| 504|0x000000073f000000, 0x000000073f200000, 0x000000073f200000|100%| E|CS|TAMS 0x000000073f000000| PB 0x000000073f000000| Complete 
| 505|0x000000073f200000, 0x000000073f400000, 0x000000073f400000|100%| E|CS|TAMS 0x000000073f200000| PB 0x000000073f200000| Complete 
| 506|0x000000073f400000, 0x000000073f600000, 0x000000073f600000|100%| E|CS|TAMS 0x000000073f400000| PB 0x000000073f400000| Complete 
| 507|0x000000073f600000, 0x000000073f800000, 0x000000073f800000|100%| E|CS|TAMS 0x000000073f600000| PB 0x000000073f600000| Complete 
| 508|0x000000073f800000, 0x000000073fa00000, 0x000000073fa00000|100%| E|CS|TAMS 0x000000073f800000| PB 0x000000073f800000| Complete 
| 509|0x000000073fa00000, 0x000000073fc00000, 0x000000073fc00000|100%| E|CS|TAMS 0x000000073fa00000| PB 0x000000073fa00000| Complete 
| 510|0x000000073fc00000, 0x000000073fe00000, 0x000000073fe00000|100%| E|CS|TAMS 0x000000073fc00000| PB 0x000000073fc00000| Complete 
| 511|0x000000073fe00000, 0x0000000740000000, 0x0000000740000000|100%| E|CS|TAMS 0x000000073fe00000| PB 0x000000073fe00000| Complete 
| 512|0x0000000740000000, 0x0000000740200000, 0x0000000740200000|100%| E|CS|TAMS 0x0000000740000000| PB 0x0000000740000000| Complete 
| 513|0x0000000740200000, 0x0000000740400000, 0x0000000740400000|100%| E|CS|TAMS 0x0000000740200000| PB 0x0000000740200000| Complete 
|2025|0x00000007fd200000, 0x00000007fd400000, 0x00000007fd400000|100%| O|  |TAMS 0x00000007fd200000| PB 0x00000007fd200000| Untracked 
|2026|0x00000007fd400000, 0x00000007fd600000, 0x00000007fd600000|100%| E|CS|TAMS 0x00000007fd400000| PB 0x00000007fd400000| Complete 
|2027|0x00000007fd600000, 0x00000007fd800000, 0x00000007fd800000|100%| O|  |TAMS 0x00000007fd600000| PB 0x00000007fd600000| Untracked 
|2028|0x00000007fd800000, 0x00000007fda00000, 0x00000007fda00000|100%| O|  |TAMS 0x00000007fd800000| PB 0x00000007fd800000| Untracked 
|2029|0x00000007fda00000, 0x00000007fdc00000, 0x00000007fdc00000|100%| E|CS|TAMS 0x00000007fda00000| PB 0x00000007fda00000| Complete 
|2030|0x00000007fdc00000, 0x00000007fde00000, 0x00000007fde00000|100%| E|CS|TAMS 0x00000007fdc00000| PB 0x00000007fdc00000| Complete 
|2031|0x00000007fde00000, 0x00000007fe000000, 0x00000007fe000000|100%| E|CS|TAMS 0x00000007fde00000| PB 0x00000007fde00000| Complete 
|2032|0x00000007fe000000, 0x00000007fe200000, 0x00000007fe200000|100%| E|CS|TAMS 0x00000007fe000000| PB 0x00000007fe000000| Complete 
|2033|0x00000007fe200000, 0x00000007fe400000, 0x00000007fe400000|100%| E|CS|TAMS 0x00000007fe200000| PB 0x00000007fe200000| Complete 
|2034|0x00000007fe400000, 0x00000007fe600000, 0x00000007fe600000|100%| E|CS|TAMS 0x00000007fe400000| PB 0x00000007fe400000| Complete 
|2035|0x00000007fe600000, 0x00000007fe800000, 0x00000007fe800000|100%| E|CS|TAMS 0x00000007fe600000| PB 0x00000007fe600000| Complete 
|2036|0x00000007fe800000, 0x00000007fea00000, 0x00000007fea00000|100%| E|CS|TAMS 0x00000007fe800000| PB 0x00000007fe800000| Complete 
|2037|0x00000007fea00000, 0x00000007fec00000, 0x00000007fec00000|100%| E|CS|TAMS 0x00000007fea00000| PB 0x00000007fea00000| Complete 
|2038|0x00000007fec00000, 0x00000007fee00000, 0x00000007fee00000|100%| E|CS|TAMS 0x00000007fec00000| PB 0x00000007fec00000| Complete 
|2039|0x00000007fee00000, 0x00000007ff000000, 0x00000007ff000000|100%| E|CS|TAMS 0x00000007fee00000| PB 0x00000007fee00000| Complete 
|2040|0x00000007ff000000, 0x00000007ff200000, 0x00000007ff200000|100%| O|  |TAMS 0x00000007ff000000| PB 0x00000007ff000000| Untracked 
|2041|0x00000007ff200000, 0x00000007ff400000, 0x00000007ff400000|100%| O|  |TAMS 0x00000007ff200000| PB 0x00000007ff200000| Untracked 
|2042|0x00000007ff400000, 0x00000007ff600000, 0x00000007ff600000|100%| E|CS|TAMS 0x00000007ff400000| PB 0x00000007ff400000| Complete 
|2043|0x00000007ff600000, 0x00000007ff800000, 0x00000007ff800000|100%| E|CS|TAMS 0x00000007ff600000| PB 0x00000007ff600000| Complete 
|2044|0x00000007ff800000, 0x00000007ffa00000, 0x00000007ffa00000|100%| O|  |TAMS 0x00000007ff800000| PB 0x00000007ff800000| Untracked 
|2045|0x00000007ffa00000, 0x00000007ffc00000, 0x00000007ffc00000|100%| O|  |TAMS 0x00000007ffa00000| PB 0x00000007ffa00000| Untracked 
|2046|0x00000007ffc00000, 0x00000007ffe00000, 0x00000007ffe00000|100%| O|  |TAMS 0x00000007ffc00000| PB 0x00000007ffc00000| Untracked 
|2047|0x00000007ffe00000, 0x0000000800000000, 0x0000000800000000|100%| O|  |TAMS 0x00000007ffe00000| PB 0x00000007ffe00000| Untracked 

Card table byte_map: [0x000001924a1b0000,0x000001924a9b0000] _byte_map_base: 0x00000192469b0000

Marking Bits: (CMBitMap*) 0x0000019237364870
 Bits: [0x000001924a9b0000, 0x000001924e9b0000)

Polling page: 0x00000192352a0000

Metaspace:

Usage:
  Non-class:    240.60 MB used.
      Class:     33.77 MB used.
       Both:    274.38 MB used.

Virtual space:
  Non-class space:      384.00 MB reserved,     241.38 MB ( 63%) committed,  6 nodes.
      Class space:        1.00 GB reserved,      34.56 MB (  3%) committed,  1 nodes.
             Both:        1.38 GB reserved,     275.94 MB ( 20%) committed. 

Chunk freelists:
   Non-Class:  110.52 MB
       Class:  13.44 MB
        Both:  123.95 MB

MaxMetaspaceSize: unlimited
CompressedClassSpaceSize: 1.00 GB
Initial GC threshold: 21.00 MB
Current GC threshold: 609.69 MB
CDS: off
 - commit_granule_bytes: 65536.
 - commit_granule_words: 8192.
 - virtual_space_node_default_size: 8388608.
 - enlarge_chunks_in_place: 1.
 - use_allocation_guard: 0.


Internal statistics:

num_allocs_failed_limit: 12.
num_arena_births: 5790.
num_arena_deaths: 2644.
num_vsnodes_births: 7.
num_vsnodes_deaths: 0.
num_space_committed: 8249.
num_space_uncommitted: 845.
num_chunks_returned_to_freelist: 16122.
num_chunks_taken_from_freelist: 31675.
num_chunk_merges: 4935.
num_chunk_splits: 20110.
num_chunks_enlarged: 16261.
num_inconsistent_stats: 0.

CodeHeap 'non-profiled nmethods': size=120000Kb used=19604Kb max_used=30224Kb free=100395Kb
 bounds [0x0000019241f30000, 0x0000019243d20000, 0x0000019249460000]
CodeHeap 'profiled nmethods': size=120000Kb used=66064Kb max_used=96149Kb free=53935Kb
 bounds [0x000001923a460000, 0x0000019240260000, 0x0000019241990000]
CodeHeap 'non-nmethods': size=5760Kb used=2520Kb max_used=2743Kb free=3239Kb
 bounds [0x0000019241990000, 0x0000019241c50000, 0x0000019241f30000]
CodeCache: size=245760Kb, used=88188Kb, max_used=129116Kb, free=157569Kb
 total_blobs=22666, nmethods=21332, adapters=1231, full_count=0
Compilation: enabled, stopped_count=0, restarted_count=0

Compilation events (20 events):
Event: 6159.837 Thread 0x0000019251860a00 152511       1       org.jetbrains.kotlin.load.kotlin.TypeMappingMode::isForAnnotationParameter (5 bytes)
Event: 6159.837 Thread 0x0000019251860a00 nmethod 152511 0x0000019242d17110 code [0x0000019242d172a0, 0x0000019242d17370]
Event: 6159.837 Thread 0x0000019251860a00 152545       3       org.jetbrains.kotlin.backend.jvm.mapping.MethodSignatureMapper::mapSignature$default (30 bytes)
Event: 6159.837 Thread 0x0000019251860a00 nmethod 152545 0x000001923dc88790 code [0x000001923dc88940, 0x000001923dc88ad8]
Event: 6159.837 Thread 0x0000019251860a00 152556       3       org.jetbrains.kotlin.backend.jvm.mapping.IrTypeMapper::getClassInternalName (24 bytes)
Event: 6159.837 Thread 0x0000019251860a00 nmethod 152556 0x000001923de6c210 code [0x000001923de6c460, 0x000001923de6cd50]
Event: 6159.837 Thread 0x0000019251860a00 152557       3       org.jetbrains.kotlin.fir.lazy.Fir2IrLazySimpleFunction::getInitialSignatureFunction (15 bytes)
Event: 6159.838 Thread 0x0000019251860a00 nmethod 152557 0x000001923dc14290 code [0x000001923dc14440, 0x000001923dc14710]
Event: 6159.838 Thread 0x0000019251860a00 152558       3       org.jetbrains.kotlin.backend.jvm.mapping.IrTypeCheckerContextForTypeMapping::isInlineClass (18 bytes)
Event: 6159.838 Thread 0x0000019251860a00 nmethod 152558 0x000001923de6b690 code [0x000001923de6b8c0, 0x000001923de6bf50]
Event: 6159.838 Thread 0x0000019251860a00 152559       3       org.jetbrains.kotlin.types.AbstractTypeMapper::mapClassType (173 bytes)
Event: 6159.839 Thread 0x0000019251860a00 nmethod 152559 0x000001923ccdac90 code [0x000001923ccdb260, 0x000001923ccde1c8]
Event: 6159.839 Thread 0x0000019251860a00 152560       3       org.jetbrains.kotlin.fir.lazy.Fir2IrLazySimpleFunction$$Lambda/0x0000000801b01508::invoke (8 bytes)
Event: 6159.840 Thread 0x0000019251860a00 nmethod 152560 0x000001923d98b610 code [0x000001923d98b7c0, 0x000001923d98b900]
Event: 6159.840 Thread 0x0000019251860a00 152506       3       org.jetbrains.kotlin.backend.jvm.lower.CompanionObjectJvmStaticTransformer::visitCall (292 bytes)
Event: 6159.841 Thread 0x0000019251860a00 nmethod 152506 0x000001923abc3510 code [0x000001923abc3ae0, 0x000001923abc6fc8]
Event: 6159.841 Thread 0x0000019251860a00 152529       1       org.jetbrains.kotlin.load.kotlin.TypeMappingMode::getKotlinCollectionsToJavaCollections (5 bytes)
Event: 6159.841 Thread 0x0000019251860a00 nmethod 152529 0x0000019242deed90 code [0x0000019242deef20, 0x0000019242deeff0]
Event: 6159.841 Thread 0x0000019251860a00 152466       1       org.jetbrains.kotlin.backend.jvm.JvmBackendContext::getIrFactory (5 bytes)
Event: 6159.841 Thread 0x0000019251860a00 nmethod 152466 0x0000019242deea90 code [0x0000019242deec20, 0x0000019242deecf0]

GC Heap History (20 events):
Event: 5165.586 GC heap before
{Heap before GC invocations=109 (full 0):
 garbage-first heap   total 1099776K, used 582085K [0x0000000700000000, 0x0000000800000000)
  region size 2048K, 109 young (223232K), 32 survivors (65536K)
 Metaspace       used 279691K, committed 281344K, reserved 1441792K
  class space    used 34721K, committed 35584K, reserved 1048576K
}
Event: 5165.693 GC heap after
{Heap after GC invocations=110 (full 0):
 garbage-first heap   total 1099776K, used 448512K [0x0000000700000000, 0x0000000800000000)
  region size 2048K, 13 young (26624K), 13 survivors (26624K)
 Metaspace       used 279691K, committed 281344K, reserved 1441792K
  class space    used 34721K, committed 35584K, reserved 1048576K
}
Event: 5166.684 GC heap before
{Heap before GC invocations=110 (full 0):
 garbage-first heap   total 1099776K, used 514048K [0x0000000700000000, 0x0000000800000000)
  region size 2048K, 46 young (94208K), 13 survivors (26624K)
 Metaspace       used 282970K, committed 284608K, reserved 1441792K
  class space    used 35004K, committed 35840K, reserved 1048576K
}
Event: 5166.702 GC heap after
{Heap after GC invocations=111 (full 0):
 garbage-first heap   total 1099776K, used 458991K [0x0000000700000000, 0x0000000800000000)
  region size 2048K, 18 young (36864K), 18 survivors (36864K)
 Metaspace       used 282970K, committed 284608K, reserved 1441792K
  class space    used 35004K, committed 35840K, reserved 1048576K
}
Event: 5170.227 GC heap before
{Heap before GC invocations=112 (full 0):
 garbage-first heap   total 1099776K, used 641263K [0x0000000700000000, 0x0000000800000000)
  region size 2048K, 109 young (223232K), 18 survivors (36864K)
 Metaspace       used 288122K, committed 289664K, reserved 1441792K
  class space    used 35229K, committed 36032K, reserved 1048576K
}
Event: 5170.258 GC heap after
{Heap after GC invocations=113 (full 0):
 garbage-first heap   total 1099776K, used 472733K [0x0000000700000000, 0x0000000800000000)
  region size 2048K, 14 young (28672K), 14 survivors (28672K)
 Metaspace       used 288122K, committed 289664K, reserved 1441792K
  class space    used 35229K, committed 36032K, reserved 1048576K
}
Event: 5174.630 GC heap before
{Heap before GC invocations=114 (full 0):
 garbage-first heap   total 1099776K, used 943773K [0x0000000700000000, 0x0000000800000000)
  region size 2048K, 239 young (489472K), 14 survivors (28672K)
 Metaspace       used 290376K, committed 292096K, reserved 1441792K
  class space    used 35345K, committed 36224K, reserved 1048576K
}
Event: 5174.668 GC heap after
{Heap after GC invocations=115 (full 0):
 garbage-first heap   total 1099776K, used 511253K [0x0000000700000000, 0x0000000800000000)
  region size 2048K, 30 young (61440K), 30 survivors (61440K)
 Metaspace       used 290376K, committed 292096K, reserved 1441792K
  class space    used 35345K, committed 36224K, reserved 1048576K
}
Event: 5176.359 GC heap before
{Heap before GC invocations=115 (full 0):
 garbage-first heap   total 1099776K, used 951573K [0x0000000700000000, 0x0000000800000000)
  region size 2048K, 246 young (503808K), 30 survivors (61440K)
 Metaspace       used 290389K, committed 292096K, reserved 1441792K
  class space    used 35345K, committed 36224K, reserved 1048576K
}
Event: 5176.400 GC heap after
{Heap after GC invocations=116 (full 0):
 garbage-first heap   total 1099776K, used 419805K [0x0000000700000000, 0x0000000800000000)
  region size 2048K, 6 young (12288K), 6 survivors (12288K)
 Metaspace       used 290389K, committed 292096K, reserved 1441792K
  class space    used 35345K, committed 36224K, reserved 1048576K
}
Event: 5176.738 GC heap before
{Heap before GC invocations=116 (full 0):
 garbage-first heap   total 1099776K, used 475101K [0x0000000700000000, 0x0000000800000000)
  region size 2048K, 34 young (69632K), 6 survivors (12288K)
 Metaspace       used 290400K, committed 292096K, reserved 1441792K
  class space    used 35345K, committed 36224K, reserved 1048576K
}
Event: 5176.748 GC heap after
{Heap after GC invocations=117 (full 0):
 garbage-first heap   total 1099776K, used 413190K [0x0000000700000000, 0x0000000800000000)
  region size 2048K, 3 young (6144K), 3 survivors (6144K)
 Metaspace       used 290400K, committed 292096K, reserved 1441792K
  class space    used 35345K, committed 36224K, reserved 1048576K
}
Event: 6140.443 GC heap before
{Heap before GC invocations=118 (full 0):
 garbage-first heap   total 1099776K, used 1027590K [0x0000000700000000, 0x0000000800000000)
  region size 2048K, 228 young (466944K), 3 survivors (6144K)
 Metaspace       used 288161K, committed 291712K, reserved 1441792K
  class space    used 35111K, committed 36224K, reserved 1048576K
}
Event: 6140.459 GC heap after
{Heap after GC invocations=119 (full 0):
 garbage-first heap   total 1099776K, used 369229K [0x0000000700000000, 0x0000000800000000)
  region size 2048K, 11 young (22528K), 11 survivors (22528K)
 Metaspace       used 288161K, committed 291712K, reserved 1441792K
  class space    used 35111K, committed 36224K, reserved 1048576K
}
Event: 6149.091 GC heap before
{Heap before GC invocations=120 (full 0):
 garbage-first heap   total 1099776K, used 877133K [0x0000000700000000, 0x0000000800000000)
  region size 2048K, 274 young (561152K), 11 survivors (22528K)
 Metaspace       used 256037K, committed 257664K, reserved 1441792K
  class space    used 32447K, committed 33280K, reserved 1048576K
}
Event: 6149.144 GC heap after
{Heap after GC invocations=121 (full 0):
 garbage-first heap   total 1099776K, used 400286K [0x0000000700000000, 0x0000000800000000)
  region size 2048K, 39 young (79872K), 39 survivors (79872K)
 Metaspace       used 256037K, committed 257664K, reserved 1441792K
  class space    used 32447K, committed 33280K, reserved 1048576K
}
Event: 6154.021 GC heap before
{Heap before GC invocations=122 (full 0):
 garbage-first heap   total 1099776K, used 740254K [0x0000000700000000, 0x0000000800000000)
  region size 2048K, 220 young (450560K), 39 survivors (79872K)
 Metaspace       used 262204K, committed 263808K, reserved 1441792K
  class space    used 32943K, committed 33792K, reserved 1048576K
}
Event: 6154.160 GC heap after
{Heap after GC invocations=123 (full 0):
 garbage-first heap   total 1099776K, used 441196K [0x0000000700000000, 0x0000000800000000)
  region size 2048K, 33 young (67584K), 33 survivors (67584K)
 Metaspace       used 262204K, committed 263808K, reserved 1441792K
  class space    used 32943K, committed 33792K, reserved 1048576K
}
Event: 6157.811 GC heap before
{Heap before GC invocations=124 (full 0):
 garbage-first heap   total 1099776K, used 639852K [0x0000000700000000, 0x0000000800000000)
  region size 2048K, 131 young (268288K), 33 survivors (67584K)
 Metaspace       used 274280K, committed 275904K, reserved 1441792K
  class space    used 33911K, committed 34752K, reserved 1048576K
}
Event: 6157.865 GC heap after
{Heap after GC invocations=125 (full 0):
 garbage-first heap   total 1099776K, used 468992K [0x0000000700000000, 0x0000000800000000)
  region size 2048K, 14 young (28672K), 14 survivors (28672K)
 Metaspace       used 274280K, committed 275904K, reserved 1441792K
  class space    used 33911K, committed 34752K, reserved 1048576K
}

Dll operation events (7 events):
Event: 0.278 Loaded shared library D:\Program Files\Android studio\jbr\bin\java.dll
Event: 0.284 Loaded shared library D:\Program Files\Android studio\jbr\bin\zip.dll
Event: 0.902 Loaded shared library D:\Program Files\Android studio\jbr\bin\verify.dll
Event: 26.977 Unloaded dll "C:\Users\Kt\AppData\Local\Temp\sqlite-3.41.2.2-bac4e113-95ee-4d3f-8253-3935ac4fbec3-sqlitejdbc.dll" [0x00007ff8ba980000]
Event: 3964.569 Unloaded dll "C:\Users\Kt\AppData\Local\Temp\sqlite-3.41.2.2-0bf051bd-8366-4553-bc62-3e9d6bfd375d-sqlitejdbc.dll" [0x00007ff883f80000]
Event: 5166.962 Unloaded dll "C:\Users\Kt\AppData\Local\Temp\sqlite-3.41.2.2-b248d146-9b60-4545-b595-1149cc55db7f-sqlitejdbc.dll" [0x00007ff8a5ed0000]
Event: 6158.090 Unloaded dll "C:\Users\Kt\AppData\Local\Temp\sqlite-3.41.2.2-923c95e7-d39a-4527-8227-6002352c7979-sqlitejdbc.dll" [0x00007ff8a4470000]

Deoptimization events (20 events):
Event: 6159.795 Thread 0x0000019274525940 Uncommon trap: trap_request=0xffffffc6 fr.pc=0x0000019242939204 relative=0x0000000000001104
Event: 6159.795 Thread 0x0000019274525940 Uncommon trap: reason=bimorphic_or_optimized_type_check action=maybe_recompile pc=0x0000019242939204 method=kotlin.collections.CollectionsKt___CollectionsKt.zip(Ljava/lang/Iterable;Ljava/lang/Iterable;)Ljava/util/List; @ 88 c2
Event: 6159.795 Thread 0x0000019274525940 DEOPT PACKING pc=0x0000019242939204 sp=0x0000006fb36fcbc0
Event: 6159.795 Thread 0x0000019274525940 DEOPT UNPACKING pc=0x00000192419e4422 sp=0x0000006fb36fcb88 mode 2
Event: 6159.795 Thread 0x0000019274525940 Uncommon trap: trap_request=0xffffffde fr.pc=0x0000019242b9645c relative=0x000000000000019c
Event: 6159.795 Thread 0x0000019274525940 Uncommon trap: reason=class_check action=maybe_recompile pc=0x0000019242b9645c method=org.jetbrains.kotlin.ir.symbols.FqNameEqualityChecker.areEqual(Lorg/jetbrains/kotlin/ir/symbols/IrClassifierSymbol;Lorg/jetbrains/kotlin/ir/symbols/IrClassifierSymbol;)Z
Event: 6159.795 Thread 0x0000019274525940 DEOPT PACKING pc=0x0000019242b9645c sp=0x0000006fb36fcbd0
Event: 6159.795 Thread 0x0000019274525940 DEOPT UNPACKING pc=0x00000192419e4422 sp=0x0000006fb36fcb10 mode 2
Event: 6159.795 Thread 0x0000019274525940 Uncommon trap: trap_request=0xffffff45 fr.pc=0x0000019242b96438 relative=0x0000000000000178
Event: 6159.795 Thread 0x0000019274525940 Uncommon trap: reason=unstable_if action=reinterpret pc=0x0000019242b96438 method=org.jetbrains.kotlin.ir.types.impl.IrAbstractSimpleType.equals(Ljava/lang/Object;)Z @ 55 c2
Event: 6159.795 Thread 0x0000019274525940 DEOPT PACKING pc=0x0000019242b96438 sp=0x0000006fb36fccb0
Event: 6159.795 Thread 0x0000019274525940 DEOPT UNPACKING pc=0x00000192419e4422 sp=0x0000006fb36fcc50 mode 2
Event: 6159.795 Thread 0x0000019274525940 Uncommon trap: trap_request=0xffffffde fr.pc=0x0000019242d0a8fc relative=0x000000000000217c
Event: 6159.795 Thread 0x0000019274525940 Uncommon trap: reason=class_check action=maybe_recompile pc=0x0000019242d0a8fc method=org.jetbrains.kotlin.fir.backend.Fir2IrSymbolsMappingForLazyClassesKt$$Lambda/0x0000000801b01040.invoke(Ljava/lang/Object;Ljava/lang/Object;)Ljava/lang/Object; @ 5 c2
Event: 6159.795 Thread 0x0000019274525940 DEOPT PACKING pc=0x0000019242d0a8fc sp=0x0000006fb36fcab0
Event: 6159.795 Thread 0x0000019274525940 DEOPT UNPACKING pc=0x00000192419e4422 sp=0x0000006fb36fca20 mode 2
Event: 6159.795 Thread 0x0000019274525940 Uncommon trap: trap_request=0xffffffc6 fr.pc=0x0000019242939204 relative=0x0000000000001104
Event: 6159.795 Thread 0x0000019274525940 Uncommon trap: reason=bimorphic_or_optimized_type_check action=maybe_recompile pc=0x0000019242939204 method=kotlin.collections.CollectionsKt___CollectionsKt.zip(Ljava/lang/Iterable;Ljava/lang/Iterable;)Ljava/util/List; @ 88 c2
Event: 6159.795 Thread 0x0000019274525940 DEOPT PACKING pc=0x0000019242939204 sp=0x0000006fb36fcbd0
Event: 6159.795 Thread 0x0000019274525940 DEOPT UNPACKING pc=0x00000192419e4422 sp=0x0000006fb36fcb98 mode 2

Classes loaded (20 events):
Event: 55.638 Loading class java/time/temporal/TemporalQueries$1
Event: 55.638 Loading class java/time/temporal/TemporalQueries$1 done
Event: 55.638 Loading class java/time/temporal/TemporalQueries$2
Event: 55.638 Loading class java/time/temporal/TemporalQueries$2 done
Event: 55.638 Loading class java/time/temporal/TemporalQueries$3
Event: 55.638 Loading class java/time/temporal/TemporalQueries$3 done
Event: 55.639 Loading class java/time/temporal/TemporalQueries$4
Event: 55.639 Loading class java/time/temporal/TemporalQueries$4 done
Event: 55.639 Loading class java/time/temporal/TemporalQueries$5
Event: 55.639 Loading class java/time/temporal/TemporalQueries$5 done
Event: 55.639 Loading class java/time/temporal/TemporalQueries$6
Event: 55.639 Loading class java/time/temporal/TemporalQueries$6 done
Event: 55.639 Loading class java/time/temporal/TemporalQueries$7
Event: 55.639 Loading class java/time/temporal/TemporalQueries$7 done
Event: 55.639 Loading class java/time/LocalDate$1
Event: 55.639 Loading class java/time/LocalDate$1 done
Event: 55.761 Loading class java/util/concurrent/CompletableFuture$AsyncRun
Event: 55.762 Loading class java/util/concurrent/CompletableFuture$AsyncRun done
Event: 3934.711 Loading class jdk/internal/math/FormattedFPDecimal
Event: 3934.734 Loading class jdk/internal/math/FormattedFPDecimal done

Classes unloaded (20 events):
Event: 6158.058 Thread 0x00000192517ba080 Unloading class 0x0000000802cd33e8 'androidx/room/compiler/processing/XProcessingEnv$Platform'
Event: 6158.058 Thread 0x00000192517ba080 Unloading class 0x0000000802cd3170 'androidx/room/compiler/processing/ksp/KspProcessingEnv$jvmPlatformInfo$2'
Event: 6158.058 Thread 0x00000192517ba080 Unloading class 0x0000000802cd2cd0 'androidx/room/compiler/processing/XProcessingEnv$Backend'
Event: 6158.058 Thread 0x00000192517ba080 Unloading class 0x0000000802cd2a98 'androidx/room/compiler/processing/XProcessingEnv$Companion'
Event: 6158.058 Thread 0x00000192517ba080 Unloading class 0x0000000802cd26d0 'androidx/room/compiler/processing/ksp/KspProcessingEnv'
Event: 6158.058 Thread 0x00000192517ba080 Unloading class 0x0000000802cd24a0 'androidx/room/compiler/processing/XProcessingEnv'
Event: 6158.058 Thread 0x00000192517ba080 Unloading class 0x0000000802cd2228 'androidx/room/compiler/processing/ksp/KspBasicAnnotationProcessor$DelegateLogger'
Event: 6158.058 Thread 0x00000192517ba080 Unloading class 0x0000000802aa4b60 'androidx/room/processor/Context$BooleanProcessorOptions'
Event: 6158.058 Thread 0x00000192517ba080 Unloading class 0x0000000802aa4920 'androidx/room/compiler/processing/XProcessingEnvConfig$Builder'
Event: 6158.058 Thread 0x00000192517ba080 Unloading class 0x0000000802aa46e8 'androidx/room/compiler/processing/XProcessingEnvConfig$Companion'
Event: 6158.058 Thread 0x00000192517ba080 Unloading class 0x0000000802aa44b0 'androidx/room/compiler/processing/XProcessingEnvConfig'
Event: 6158.058 Thread 0x00000192517ba080 Unloading class 0x0000000802aa4278 'androidx/room/DatabaseProcessingStep$Companion'
Event: 6158.058 Thread 0x00000192517ba080 Unloading class 0x0000000802aa4000 'androidx/room/DatabaseProcessingStep'
Event: 6158.058 Thread 0x00000192517ba080 Unloading class 0x0000000802aa5580 'androidx/room/compiler/processing/XProcessingStep'
Event: 6158.058 Thread 0x00000192517ba080 Unloading class 0x0000000802aa52c0 'androidx/room/RoomKspProcessor'
Event: 6158.058 Thread 0x00000192517ba080 Unloading class 0x0000000802aa5000 'androidx/room/compiler/processing/ksp/KspBasicAnnotationProcessor'
Event: 6158.058 Thread 0x00000192517ba080 Unloading class 0x0000000801b95ca0 'androidx/room/compiler/processing/XBasicAnnotationProcessor'
Event: 6158.058 Thread 0x00000192517ba080 Unloading class 0x0000000801b95a50 'com/squareup/moshi/kotlin/codegen/ksp/JsonClassSymbolProcessorProvider'
Event: 6158.058 Thread 0x00000192517ba080 Unloading class 0x0000000801b95800 'androidx/room/RoomKspProcessor$Provider'
Event: 6158.058 Thread 0x00000192517ba080 Unloading class 0x0000000801810000 'java/lang/invoke/LambdaForm$MH+0x0000000801810000'

Classes redefined (0 events):
No events

Internal exceptions (20 events):
Event: 6142.397 Thread 0x0000019274525940 Exception <a 'sun/nio/fs/WindowsException'{0x000000073ae2acb0}> (0x000000073ae2acb0) 
thrown [s\src\hotspot\share\prims\jni.cpp, line 537]
Event: 6142.625 Thread 0x0000019274525940 Exception <a 'sun/nio/fs/WindowsException'{0x0000000739e94cb0}> (0x0000000739e94cb0) 
thrown [s\src\hotspot\share\prims\jni.cpp, line 537]
Event: 6142.630 Thread 0x0000019274525940 Exception <a 'sun/nio/fs/WindowsException'{0x0000000739ee9ed8}> (0x0000000739ee9ed8) 
thrown [s\src\hotspot\share\prims\jni.cpp, line 537]
Event: 6142.630 Thread 0x0000019274525940 Exception <a 'sun/nio/fs/WindowsException'{0x0000000739eea7b0}> (0x0000000739eea7b0) 
thrown [s\src\hotspot\share\prims\jni.cpp, line 537]
Event: 6142.657 Thread 0x0000019274525940 Exception <a 'sun/nio/fs/WindowsException'{0x0000000739d6e508}> (0x0000000739d6e508) 
thrown [s\src\hotspot\share\prims\jni.cpp, line 537]
Event: 6143.196 Thread 0x0000019274525940 Exception <a 'java/lang/NoSuchMethodError'{0x0000000737c38b60}: 'java.lang.Object java.lang.invoke.DirectMethodHandle$Holder.invokeStatic(java.lang.Object, java.lang.Object, long, long)'> (0x0000000737c38b60) 
thrown [s\src\hotspot\share\interpreter\linkResolver.cpp, line 784]
Event: 6152.113 Thread 0x00000192591ac310 Exception <a 'sun/nio/fs/WindowsException'{0x0000000731e054c8}> (0x0000000731e054c8) 
thrown [s\src\hotspot\share\prims\jni.cpp, line 537]
Event: 6152.114 Thread 0x00000192591ac310 Exception <a 'sun/nio/fs/WindowsException'{0x0000000731e0d038}> (0x0000000731e0d038) 
thrown [s\src\hotspot\share\prims\jni.cpp, line 537]
Event: 6152.115 Thread 0x00000192591ac310 Exception <a 'sun/nio/fs/WindowsException'{0x0000000731e0e838}> (0x0000000731e0e838) 
thrown [s\src\hotspot\share\prims\jni.cpp, line 537]
Event: 6152.123 Thread 0x0000019274525940 Implicit null exception at 0x0000019242f7ebd0 to 0x0000019242f7edc0
Event: 6153.812 Thread 0x0000019274525940 Implicit null exception at 0x0000019242835669 to 0x000001924283580c
Event: 6155.250 Thread 0x0000019274525940 Implicit null exception at 0x0000019242393070 to 0x0000019242393e84
Event: 6156.323 Thread 0x0000019274525940 Implicit null exception at 0x00000192434fd958 to 0x00000192434febc8
Event: 6156.834 Thread 0x0000019274525940 Implicit null exception at 0x000001924227f4f4 to 0x000001924228142c
Event: 6156.914 Thread 0x0000019274525940 Implicit null exception at 0x0000019241f4d003 to 0x0000019241f4d264
Event: 6158.437 Thread 0x0000019274525940 Implicit null exception at 0x0000019242267c60 to 0x0000019242267cf5
Event: 6159.198 Thread 0x0000019274525940 Exception <a 'java/lang/NoSuchMethodError'{0x000000073cf4ee68}: 'java.lang.Object java.lang.invoke.DirectMethodHandle$Holder.newInvokeSpecial(java.lang.Object, int, java.lang.Object, int, int)'> (0x000000073cf4ee68) 
thrown [s\src\hotspot\share\interpreter\linkResolver.cpp, line 784]
Event: 6159.209 Thread 0x0000019274525940 Exception <a 'java/lang/NoSuchMethodError'{0x000000073cc4bc68}: 'java.lang.Object java.lang.invoke.DirectMethodHandle$Holder.newInvokeSpecial(java.lang.Object, int, java.lang.Object, int)'> (0x000000073cc4bc68) 
thrown [s\src\hotspot\share\interpreter\linkResolver.cpp, line 784]
Event: 6159.740 Thread 0x0000019274525940 Exception <a 'java/lang/NoSuchMethodError'{0x000000073b149110}: 'java.lang.Object java.lang.invoke.DirectMethodHandle$Holder.newInvokeSpecial(java.lang.Object, java.lang.Object, java.lang.Object, java.lang.Object, int, int, int, java.lang.Object)'> (0x000000073b149110) 
thrown [s\src\hotspot\share\interpreter\linkResolver.cpp, line 784]
Event: 6159.838 Thread 0x0000019274525940 Implicit null exception at 0x000001923a9e7045 to 0x0000000000000000

ZGC Phase Switch (0 events):
No events

VM Operations (20 events):
Event: 6159.469 Executing non-safepoint VM operation: HandshakeAllThreads (Deoptimize)
Event: 6159.469 Executing non-safepoint VM operation: HandshakeAllThreads (Deoptimize) done
Event: 6159.491 Executing non-safepoint VM operation: HandshakeAllThreads (Deoptimize)
Event: 6159.491 Executing non-safepoint VM operation: HandshakeAllThreads (Deoptimize) done
Event: 6159.509 Executing non-safepoint VM operation: HandshakeAllThreads (Deoptimize)
Event: 6159.509 Executing non-safepoint VM operation: HandshakeAllThreads (Deoptimize) done
Event: 6159.530 Executing non-safepoint VM operation: HandshakeAllThreads (Deoptimize)
Event: 6159.530 Executing non-safepoint VM operation: HandshakeAllThreads (Deoptimize) done
Event: 6159.533 Executing safepoint VM operation: ICBufferFull
Event: 6159.533 Executing safepoint VM operation: ICBufferFull done
Event: 6159.547 Executing non-safepoint VM operation: HandshakeAllThreads (Deoptimize)
Event: 6159.547 Executing non-safepoint VM operation: HandshakeAllThreads (Deoptimize) done
Event: 6159.643 Executing safepoint VM operation: ICBufferFull
Event: 6159.643 Executing safepoint VM operation: ICBufferFull done
Event: 6159.686 Executing non-safepoint VM operation: HandshakeAllThreads (Deoptimize)
Event: 6159.686 Executing non-safepoint VM operation: HandshakeAllThreads (Deoptimize) done
Event: 6159.709 Executing safepoint VM operation: ICBufferFull
Event: 6159.710 Executing safepoint VM operation: ICBufferFull done
Event: 6159.751 Executing non-safepoint VM operation: HandshakeAllThreads (Deoptimize)
Event: 6159.752 Executing non-safepoint VM operation: HandshakeAllThreads (Deoptimize) done

Memory protections (0 events):
No events

Nmethod flushes (20 events):
Event: 6158.086 Thread 0x00000192517ba080 flushing  nmethod 0x000001923fbd6410
Event: 6158.086 Thread 0x00000192517ba080 flushing  nmethod 0x000001923fbd6790
Event: 6158.086 Thread 0x00000192517ba080 flushing  nmethod 0x000001923fbd6c10
Event: 6158.086 Thread 0x00000192517ba080 flushing  nmethod 0x000001923fc49510
Event: 6158.086 Thread 0x00000192517ba080 flushing  nmethod 0x000001923fc4af10
Event: 6158.086 Thread 0x00000192517ba080 flushing  nmethod 0x000001923fc4bd90
Event: 6158.086 Thread 0x00000192517ba080 flushing  nmethod 0x000001923fd5d290
Event: 6158.086 Thread 0x00000192517ba080 flushing  nmethod 0x000001923fd5ed90
Event: 6158.086 Thread 0x00000192517ba080 flushing  nmethod 0x000001923fd5f490
Event: 6158.086 Thread 0x00000192517ba080 flushing osr nmethod 0x000001923fd6fb90
Event: 6158.086 Thread 0x00000192517ba080 flushing  nmethod 0x000001923fe87290
Event: 6158.086 Thread 0x00000192517ba080 flushing  nmethod 0x000001923ff6cd10
Event: 6158.086 Thread 0x00000192517ba080 flushing  nmethod 0x000001923ff6f590
Event: 6158.086 Thread 0x00000192517ba080 flushing  nmethod 0x000001923ff72390
Event: 6158.086 Thread 0x00000192517ba080 flushing  nmethod 0x000001923ff75690
Event: 6158.086 Thread 0x00000192517ba080 flushing  nmethod 0x00000192400a9610
Event: 6158.086 Thread 0x00000192517ba080 flushing  nmethod 0x00000192400a9d90
Event: 6158.086 Thread 0x00000192517ba080 flushing  nmethod 0x00000192400aa690
Event: 6158.086 Thread 0x00000192517ba080 flushing  nmethod 0x00000192401a4690
Event: 6158.086 Thread 0x00000192517ba080 flushing  nmethod 0x00000192401b6590

Events (20 events):
Event: 6141.702 Loaded shared library C:\Users\Kt\AppData\Local\Temp\sqlite-3.41.2.2-923c95e7-d39a-4527-8227-6002352c7979-sqlitejdbc.dll
Event: 6141.776 Thread 0x0000019274391a80 Thread added: 0x0000019274524c20
Event: 6141.776 Thread 0x0000019274391a80 Thread added: 0x00000192745252b0
Event: 6142.118 Thread 0x00000192089f2aa0 Thread added: 0x00000192743befd0
Event: 6142.167 Thread 0x0000019274391a80 Thread added: 0x0000019274525940
Event: 6142.789 Thread 0x00000192745252b0 Thread exited: 0x00000192745252b0
Event: 6142.789 Thread 0x0000019274524c20 Thread exited: 0x0000019274524c20
Event: 6145.538 Thread 0x000001925bd5ef90 Thread exited: 0x000001925bd5ef90
Event: 6145.648 Thread 0x0000019251860a00 Thread added: 0x000001926ef859f0
Event: 6147.023 Thread 0x00000192774fb540 Thread exited: 0x00000192774fb540
Event: 6147.469 Thread 0x000001926ef859f0 Thread exited: 0x000001926ef859f0
Event: 6147.469 Thread 0x000001925bd5db20 Thread exited: 0x000001925bd5db20
Event: 6147.557 Thread 0x0000019251860a00 Thread added: 0x000001925c1fb190
Event: 6148.670 Thread 0x0000019251860a00 Thread added: 0x000001925c1fda70
Event: 6152.487 Thread 0x000001925ebef480 Thread exited: 0x000001925ebef480
Event: 6154.164 Thread 0x000001925c1fda70 Thread exited: 0x000001925c1fda70
Event: 6154.164 Thread 0x000001925c1fb190 Thread exited: 0x000001925c1fb190
Event: 6154.208 Thread 0x0000019251860a00 Thread added: 0x000001925ced44b0
Event: 6154.436 Thread 0x000001925185f610 Thread added: 0x000001925ced1500
Event: 6157.951 Thread 0x0000019274523870 Thread exited: 0x0000019274523870


Dynamic libraries:
0x00007ff7bd270000 - 0x00007ff7bd27a000 	D:\Program Files\Android studio\jbr\bin\java.exe
0x00007ff92b080000 - 0x00007ff92b2e6000 	C:\WINDOWS\SYSTEM32\ntdll.dll
0x00007ff92ab20000 - 0x00007ff92abe9000 	C:\WINDOWS\System32\KERNEL32.DLL
0x00007ff928550000 - 0x00007ff92894e000 	C:\WINDOWS\System32\KERNELBASE.dll
0x00007ff9283f0000 - 0x00007ff92853c000 	C:\WINDOWS\System32\ucrtbase.dll
0x00007ff8f1fe0000 - 0x00007ff8f1ffb000 	D:\Program Files\Android studio\jbr\bin\VCRUNTIME140.dll
0x00007ff8fa620000 - 0x00007ff8fa638000 	D:\Program Files\Android studio\jbr\bin\jli.dll
0x00007ff92ad60000 - 0x00007ff92af27000 	C:\WINDOWS\System32\USER32.dll
0x00007ff928a90000 - 0x00007ff928ab7000 	C:\WINDOWS\System32\win32u.dll
0x00007ff90aff0000 - 0x00007ff90b282000 	C:\WINDOWS\WinSxS\amd64_microsoft.windows.common-controls_6595b64144ccf1df_6.0.26100.8875_none_3e0d5d42e32fe9dd\COMCTL32.dll
0x00007ff92af30000 - 0x00007ff92afd9000 	C:\WINDOWS\System32\msvcrt.dll
0x00007ff928db0000 - 0x00007ff928ddb000 	C:\WINDOWS\System32\GDI32.dll
0x00007ff928960000 - 0x00007ff928a8a000 	C:\WINDOWS\System32\gdi32full.dll
0x00007ff928d00000 - 0x00007ff928da3000 	C:\WINDOWS\System32\msvcp_win.dll
0x00007ff92a6b0000 - 0x00007ff92a6e2000 	C:\WINDOWS\System32\IMM32.DLL
0x00007ff9169f0000 - 0x00007ff9169fc000 	D:\Program Files\Android studio\jbr\bin\vcruntime140_1.dll
0x00007ff8b6370000 - 0x00007ff8b63fd000 	D:\Program Files\Android studio\jbr\bin\msvcp140.dll
0x00007ff832450000 - 0x00007ff8330e6000 	D:\Program Files\Android studio\jbr\bin\server\jvm.dll
0x00007ff92a530000 - 0x00007ff92a5e7000 	C:\WINDOWS\System32\ADVAPI32.dll
0x00007ff929a20000 - 0x00007ff929aca000 	C:\WINDOWS\System32\sechost.dll
0x00007ff92aa00000 - 0x00007ff92ab18000 	C:\WINDOWS\System32\RPCRT4.dll
0x00007ff92a8d0000 - 0x00007ff92a950000 	C:\WINDOWS\System32\WS2_32.dll
0x00007ff927ad0000 - 0x00007ff927b2e000 	C:\WINDOWS\SYSTEM32\POWRPROF.dll
0x00007ff91cca0000 - 0x00007ff91ccab000 	C:\WINDOWS\SYSTEM32\VERSION.dll
0x00007ff912a00000 - 0x00007ff912a36000 	C:\WINDOWS\SYSTEM32\WINMM.dll
0x00007ff927ab0000 - 0x00007ff927ac4000 	C:\WINDOWS\SYSTEM32\UMPDC.dll
0x00007ff926f40000 - 0x00007ff926f5b000 	C:\WINDOWS\SYSTEM32\kernel.appcore.dll
0x00007ff9098f0000 - 0x00007ff9098fa000 	D:\Program Files\Android studio\jbr\bin\jimage.dll
0x00007ff9254c0000 - 0x00007ff925702000 	C:\WINDOWS\SYSTEM32\DBGHELP.DLL
0x00007ff928de0000 - 0x00007ff929163000 	C:\WINDOWS\System32\combase.dll
0x00007ff929940000 - 0x00007ff929a19000 	C:\WINDOWS\System32\OLEAUT32.dll
0x00007ff90b920000 - 0x00007ff90b95b000 	C:\WINDOWS\SYSTEM32\dbgcore.DLL
0x00007ff928c40000 - 0x00007ff928cec000 	C:\WINDOWS\System32\bcryptPrimitives.dll
0x00007ff8fa610000 - 0x00007ff8fa61e000 	D:\Program Files\Android studio\jbr\bin\instrument.dll
0x00007ff8f1fc0000 - 0x00007ff8f1fe0000 	D:\Program Files\Android studio\jbr\bin\java.dll
0x00007ff8dc350000 - 0x00007ff8dc368000 	D:\Program Files\Android studio\jbr\bin\zip.dll
0x00007ff929b40000 - 0x00007ff92a2d2000 	C:\WINDOWS\System32\SHELL32.dll
0x00007ff925d00000 - 0x00007ff926592000 	C:\WINDOWS\SYSTEM32\windows.storage.dll
0x00007ff929840000 - 0x00007ff929937000 	C:\WINDOWS\System32\SHCORE.dll
0x00007ff929ad0000 - 0x00007ff929b37000 	C:\WINDOWS\System32\shlwapi.dll
0x00007ff9281c0000 - 0x00007ff9281e9000 	C:\WINDOWS\SYSTEM32\profapi.dll
0x00007ff904a30000 - 0x00007ff904a40000 	D:\Program Files\Android studio\jbr\bin\net.dll
0x00007ff91e060000 - 0x00007ff91e187000 	C:\WINDOWS\SYSTEM32\WINHTTP.dll
0x00007ff9274d0000 - 0x00007ff92753c000 	C:\WINDOWS\system32\mswsock.dll
0x00007ff8db190000 - 0x00007ff8db1a6000 	D:\Program Files\Android studio\jbr\bin\nio.dll
0x00007ff8e79e0000 - 0x00007ff8e79f0000 	D:\Program Files\Android studio\jbr\bin\verify.dll
0x00007ff8c9a00000 - 0x00007ff8c9a27000 	C:\Users\Kt\.gradle\native\660c5614fbf4a5f2a75b1949f50a0caf5cd603558e7d8a26e50b933a0cfb79d1\windows-amd64\native-platform.dll
0x00007ff8bccc0000 - 0x00007ff8bcd37000 	C:\Users\Kt\.gradle\native\0.2.8\x86_64-windows-gnu\gradle-fileevents.dll
0x00007ff8e68e0000 - 0x00007ff8e68e9000 	D:\Program Files\Android studio\jbr\bin\management.dll
0x00007ff8e67e0000 - 0x00007ff8e67eb000 	D:\Program Files\Android studio\jbr\bin\management_ext.dll
0x00007ff9291a0000 - 0x00007ff9291a8000 	C:\WINDOWS\System32\PSAPI.DLL
0x00007ff926940000 - 0x00007ff926973000 	C:\WINDOWS\SYSTEM32\IPHLPAPI.DLL
0x00007ff92a9f0000 - 0x00007ff92a9fa000 	C:\WINDOWS\System32\NSI.dll
0x00007ff8e7f90000 - 0x00007ff8e7f99000 	D:\Program Files\Android studio\jbr\bin\extnet.dll
0x00007ff927900000 - 0x00007ff92791b000 	C:\WINDOWS\SYSTEM32\CRYPTSP.dll
0x00007ff926ea0000 - 0x00007ff926ed9000 	C:\WINDOWS\system32\rsaenh.dll
0x00007ff927590000 - 0x00007ff9275c2000 	C:\WINDOWS\SYSTEM32\USERENV.dll
0x00007ff928190000 - 0x00007ff9281ba000 	C:\WINDOWS\SYSTEM32\bcrypt.dll
0x00007ff927740000 - 0x00007ff92774c000 	C:\WINDOWS\SYSTEM32\CRYPTBASE.dll
0x00007ff909050000 - 0x00007ff909058000 	C:\WINDOWS\system32\wshunix.dll
0x00007ff8726c0000 - 0x00007ff872859000 	D:\Program Files\Android studio\jbr\bin\awt.dll
0x00007ff8ff900000 - 0x00007ff8ff973000 	C:\WINDOWS\SYSTEM32\OLEACC.dll
0x00007ff925160000 - 0x00007ff92518f000 	C:\WINDOWS\SYSTEM32\dwmapi.dll
0x00007ff8d31b0000 - 0x00007ff8d31f4000 	D:\Program Files\Android studio\jbr\bin\nvdaControllerClient64.dll
0x00007ff921710000 - 0x00007ff9217b0000 	C:\WINDOWS\SYSTEM32\apphelp.dll
0x00007ff9218a0000 - 0x00007ff921949000 	C:\WINDOWS\system32\uxtheme.dll
0x00007ff92abf0000 - 0x00007ff92ad4d000 	C:\WINDOWS\System32\MSCTF.dll
0x00007ff92a390000 - 0x00007ff92a529000 	C:\WINDOWS\System32\ole32.dll
0x00007ff927070000 - 0x00007ff9270a6000 	C:\WINDOWS\SYSTEM32\ntmarta.dll

JVMTI agents:
C:\Users\Kt\.gradle\wrapper\dists\gradle-9.4.1-bin\arn2x92ynaizyzdaamcbpbhtj\gradle-9.4.1\lib\agents\gradle-instrumentation-agent-9.4.1.jar path:D:\Program Files\Android studio\jbr\bin\instrument.dll, loaded, initialized, instrumentlib options:none

dbghelp: loaded successfully - version: 4.0.5 - missing functions: none
symbol engine: initialized successfully - sym options: 0x614 - pdb path: .;D:\Program Files\Android studio\jbr\bin;C:\WINDOWS\SYSTEM32;C:\WINDOWS\WinSxS\amd64_microsoft.windows.common-controls_6595b64144ccf1df_6.0.26100.8875_none_3e0d5d42e32fe9dd;D:\Program Files\Android studio\jbr\bin\server;C:\Users\Kt\.gradle\native\660c5614fbf4a5f2a75b1949f50a0caf5cd603558e7d8a26e50b933a0cfb79d1\windows-amd64;C:\Users\Kt\.gradle\native\0.2.8\x86_64-windows-gnu;C:\Users\Kt\AppData\Local\Temp

VM Arguments:
jvm_args: --add-opens=java.base/java.lang=ALL-UNNAMED --add-opens=java.base/java.lang.invoke=ALL-UNNAMED --add-opens=java.base/java.util=ALL-UNNAMED --add-opens=java.prefs/java.util.prefs=ALL-UNNAMED --add-exports=jdk.compiler/com.sun.tools.javac.api=ALL-UNNAMED --add-exports=jdk.compiler/com.sun.tools.javac.util=ALL-UNNAMED --add-opens=java.base/java.util=ALL-UNNAMED --add-opens=java.prefs/java.util.prefs=ALL-UNNAMED --add-opens=java.base/java.nio.charset=ALL-UNNAMED --add-opens=java.base/java.net=ALL-UNNAMED --add-opens=java.base/java.util.concurrent=ALL-UNNAMED --add-opens=java.base/java.util.concurrent.atomic=ALL-UNNAMED --add-opens=java.xml/javax.xml.namespace=ALL-UNNAMED --add-opens=java.base/java.time=ALL-UNNAMED -Xmx4g -Dfile.encoding=UTF-8 -Duser.country=US -Duser.language=en -Duser.variant -javaagent:C:\Users\Kt\.gradle\wrapper\dists\gradle-9.4.1-bin\arn2x92ynaizyzdaamcbpbhtj\gradle-9.4.1\lib\agents\gradle-instrumentation-agent-9.4.1.jar 
java_command: org.gradle.launcher.daemon.bootstrap.GradleDaemon 9.4.1
java_class_path (initial): C:\Users\Kt\.gradle\wrapper\dists\gradle-9.4.1-bin\arn2x92ynaizyzdaamcbpbhtj\gradle-9.4.1\lib\gradle-daemon-main-9.4.1.jar
Launcher Type: SUN_STANDARD

[Global flags]
     intx CICompilerCount                          = 4                                         {product} {ergonomic}
     uint ConcGCThreads                            = 3                                         {product} {ergonomic}
     uint G1ConcRefinementThreads                  = 10                                        {product} {ergonomic}
   size_t G1HeapRegionSize                         = 2097152                                   {product} {ergonomic}
    uintx GCDrainStackTargetSize                   = 64                                        {product} {ergonomic}
   size_t InitialHeapSize                          = 266338304                                 {product} {ergonomic}
   size_t MarkStackSize                            = 4194304                                   {product} {ergonomic}
   size_t MaxHeapSize                              = 4294967296                                {product} {command line}
   size_t MaxNewSize                               = 2575302656                                {product} {ergonomic}
   size_t MinHeapDeltaBytes                        = 2097152                                   {product} {ergonomic}
   size_t MinHeapSize                              = 8388608                                   {product} {ergonomic}
    uintx NonNMethodCodeHeapSize                   = 5839372                                {pd product} {ergonomic}
    uintx NonProfiledCodeHeapSize                  = 122909434                              {pd product} {ergonomic}
    uintx ProfiledCodeHeapSize                     = 122909434                              {pd product} {ergonomic}
    uintx ReservedCodeCacheSize                    = 251658240                              {pd product} {ergonomic}
     bool SegmentedCodeCache                       = true                                      {product} {ergonomic}
   size_t SoftMaxHeapSize                          = 4294967296                             {manageable} {ergonomic}
     bool UseCompressedOops                        = true                           {product lp64_product} {ergonomic}
     bool UseG1GC                                  = true                                      {product} {ergonomic}
     bool UseLargePagesIndividualAllocation        = false                                  {pd product} {ergonomic}

Logging:
Log output configuration:
 #0: stdout all=warning uptime,level,tags foldmultilines=false
 #1: stderr all=off uptime,level,tags foldmultilines=false

Release file:
JAVA_VERSION="21.0.10" 
MODULES="java.base java.compiler java.datatransfer java.xml java.prefs java.desktop java.instrument java.logging java.management java.security.sasl java.naming java.rmi java.management.rmi java.net.http java.scripting java.security.jgss java.transaction.xa java.sql java.sql.rowset java.xml.crypto java.se java.smartcardio jdk.accessibility jdk.internal.jvmstat jdk.attach jdk.charsets jdk.internal.opt jdk.zipfs jdk.compiler jdk.crypto.ec jdk.crypto.cryptoki jdk.dynalink jdk.hotspot.agent jdk.httpserver jdk.internal.ed jdk.internal.le jdk.internal.vm.ci jdk.jartool jdk.javadoc jdk.jcmd jdk.jdeps jdk.jdwp.agent jdk.jdi jdk.jfr jdk.jlink jdk.jsobject jdk.localedata jdk.management jdk.management.agent jdk.management.jfr jdk.naming.dns jdk.naming.rmi jdk.net jdk.sctp jdk.security.auth jdk.security.jgss jdk.unsupported jdk.unsupported.desktop jdk.xml.dom" 
IMPLEMENTOR="JetBrains s.r.o." 
JAVA_RUNTIME_VERSION="21.0.10+-14961533-b1163.108" 
LIBC="default" 
OS_ARCH="x86_64" 
OS_NAME="Windows" 
SOURCE=".:git:1351622c2ff2" 

Environment Variables:
JAVA_HOME=C:\Program Files\Eclipse Adoptium\jdk-17.0.19.10-hotspot\
PATH=C:\Program Files\Eclipse Adoptium\jdk-17.0.19.10-hotspot\bin;C:\WINDOWS\system32;C:\WINDOWS;C:\WINDOWS\System32\Wbem;C:\WINDOWS\System32\WindowsPowerShell\v1.0\;C:\WINDOWS\System32\OpenSSH\;C:\Program Files\Common Files\Autodesk Shared\;C:\Program Files\Microsoft SQL Server\150\Tools\Binn\;C:\Program Files\dotnet\;C:\Program Files (x86)\Microsoft SQL Server\160\Tools\Binn\;C:\Program Files\Microsoft SQL Server\160\Tools\Binn\;C:\Program Files\Microsoft SQL Server\Client SDK\ODBC\170\Tools\Binn\;C:\Program Files\Microsoft SQL Server\160\DTS\Binn\;C:\Program Files\NVIDIA Corporation\NVIDIA App\NvDLISR;C:\Program Files (x86)\NVIDIA Corporation\PhysX\Common;C:\Program Files\nodejs\;C:\Program Files\Docker\Docker\resources\bin;C:\Program Files\Git\cmd;F:\AI PROJECTS\flutter\bin;C:\Program Files\PowerShell\7\;C:\Users\Kt\.kimi-code\bin;C:\Users\Kt\.cargo\bin;C:\Users\Kt\AppData\Local\Programs\Python\Python314\Scripts\;C:\Users\Kt\AppData\Local\Programs\Python\Python314\;C:\Users\Kt\AppData\Local\Microsoft\WindowsApps;C:\Users\Kt\AppData\Roaming\npm;C:\Users\Kt\AppData\Local\Programs\Microsoft VS Code\bin;C:\Users\Kt\AppData\AndroidCLI;C:\Users\Kt\AppData\Local\Programs\Antigravity IDE\bin;C:\Users\Kt\AppData\Local\Programs\Antigravity IDE00\bin
USERNAME=Kt
OS=Windows_NT
PROCESSOR_IDENTIFIER=Intel64 Family 6 Model 165 Stepping 2, GenuineIntel
TMP=C:\Users\Kt\AppData\Local\Temp
TEMP=C:\Users\Kt\AppData\Local\Temp




Periodic native trim disabled

JNI global refs:
JNI global refs: 55, weak refs: 0

JNI global refs memory usage: 1467, weak refs: 1025

Process memory usage:
Resident Set Size: 1773076K (10% of 16565952K total physical memory with 3584048K free physical memory)

OOME stack traces (most recent first):
Classloader memory used:
Loader java.net.URLClassLoader                                                         : 137M
Loader org.gradle.internal.classloader.VisitableURLClassLoader$InstrumentingVisitableURLClassLoader: 46703K
Loader org.gradle.internal.classloader.VisitableURLClassLoader                         : 42056K
Loader bootstrap                                                                       : 30695K
Loader org.gradle.initialization.MixInLegacyTypesClassLoader                           : 10059K
Loader jdk.internal.loader.ClassLoaders$AppClassLoader                                 : 7189K
Loader jdk.internal.reflect.DelegatingClassLoader                                      : 1423K
Loader jdk.internal.loader.ClassLoaders$PlatformClassLoader                            : 863K
Loader jdk.internal.jrtfs.JrtFileSystemProvider$JrtFsLoader                            : 648K
Loader org.gradle.internal.classloader.VisitableURLClassLoader                         : 38920B
Loader sun.reflect.misc.MethodUtil                                                     : 3000B

Classes loaded by more than one classloader:
Class kotlin.sequences.DropTakeSequence                                               : loaded 3 times (x 70B)
Class kotlin.ranges.IntProgression                                                    : loaded 3 times (x 81B)
Class kotlin.io.FileWalkDirection                                                     : loaded 3 times (x 79B)
Class kotlin.sequences.FlatteningSequence                                             : loaded 3 times (x 75B)
Class kotlin.coroutines.jvm.internal.CompletedContinuation                            : loaded 3 times (x 75B)
Class jdk.internal.jimage.decompressor.ResourceDecompressor$StringsProvider           : loaded 3 times (x 70B)
Class kotlin.io.TextStreamsKt                                                         : loaded 3 times (x 71B)
Class kotlin.text.StringsKt__StringsKt                                                : loaded 3 times (x 71B)
Class kotlin.NotImplementedError                                                      : loaded 3 times (x 82B)
Class kotlin.coroutines.CoroutineContext                                              : loaded 3 times (x 70B)
Class kotlin.coroutines.jvm.internal.DebugProbesKt                                    : loaded 3 times (x 71B)
Class kotlin.ranges.IntProgressionIterator                                            : loaded 3 times (x 82B)
Class kotlin.collections.CollectionsKt                                                : loaded 3 times (x 71B)
Class jdk.internal.jimage.BasicImageReader                                            : loaded 3 times (x 95B)
Class kotlin.reflect.KMutableProperty2                                                : loaded 3 times (x 70B)
Class kotlin.io.NoSuchFileException                                                   : loaded 3 times (x 82B)
Class kotlin.reflect.KMutableProperty1                                                : loaded 3 times (x 70B)
Class kotlin.coroutines.jvm.internal.CoroutineStackFrame                              : loaded 3 times (x 70B)
Class kotlin.sequences.FilteringSequence$iterator$1                                   : loaded 3 times (x 79B)
Class kotlin.sequences.SequencesKt__SequenceBuilderKt                                 : loaded 3 times (x 71B)
Class kotlin.io.FilesKt__FileTreeWalkKt                                               : loaded 3 times (x 71B)
Class kotlin.coroutines.intrinsics.IntrinsicsKt__IntrinsicsJvmKt                      : loaded 3 times (x 71B)
Class kotlin.jvm.internal.CollectionToArray                                           : loaded 3 times (x 71B)
Class kotlin.jvm.internal.StringCompanionObject                                       : loaded 3 times (x 71B)
Class kotlin.collections.CollectionsKt__ReversedViewsKt                               : loaded 3 times (x 71B)
Class kotlin.reflect.KClassifier                                                      : loaded 3 times (x 70B)
Class kotlin.SafePublicationLazyImpl$Companion                                        : loaded 3 times (x 71B)
Class kotlin.jvm.internal.PropertyReference1Impl                                      : loaded 3 times (x 127B)
Class kotlin.jvm.internal.MutablePropertyReference1                                   : loaded 3 times (x 137B)
Class kotlin.reflect.KMutableProperty0                                                : loaded 3 times (x 70B)
Class kotlin.coroutines.jvm.internal.SuspendFunction                                  : loaded 3 times (x 70B)
Class kotlin.io.FileTreeWalk                                                          : loaded 3 times (x 75B)
Class [Lkotlin.io.FileWalkDirection;                                                  : loaded 3 times (x 69B)
Class kotlin.ranges.IntProgression$Companion                                          : loaded 3 times (x 71B)
Class kotlin.jvm.internal.markers.KMappedMarker                                       : loaded 3 times (x 70B)
Class [Lkotlin.reflect.KProperty;                                                     : loaded 3 times (x 69B)
Class kotlin.sequences.ConstrainedOnceSequence                                        : loaded 3 times (x 75B)
Class kotlin.collections.builders.MapBuilder                                          : loaded 3 times (x 112B)
Class kotlin.NoWhenBranchMatchedException                                             : loaded 3 times (x 82B)
Class kotlin.Lazy                                                                     : loaded 3 times (x 70B)
Class kotlin.jvm.functions.Function19                                                 : loaded 3 times (x 70B)
Class jdk.internal.jimage.decompressor.StringSharingDecompressorFactory               : loaded 3 times (x 74B)
Class kotlin.reflect.KMutableProperty$Setter                                          : loaded 3 times (x 70B)
Class kotlin.jvm.internal.CallableReference$NoReceiver                                : loaded 3 times (x 71B)
Class kotlin.text.StringsKt__StringBuilderKt                                          : loaded 3 times (x 71B)
Class kotlin.sequences.TransformingSequence                                           : loaded 3 times (x 75B)
Class kotlin.jvm.functions.Function18                                                 : loaded 3 times (x 70B)
Class kotlin.collections.ArraysKt__ArraysJVMKt                                        : loaded 3 times (x 71B)
Class kotlin.jvm.functions.Function17                                                 : loaded 3 times (x 70B)
Class kotlin.InitializedLazyImpl                                                      : loaded 3 times (x 76B)
Class kotlin.LazyKt                                                                   : loaded 3 times (x 71B)
Class kotlin.collections.SetsKt__SetsKt                                               : loaded 3 times (x 71B)
Class kotlin.jvm.functions.Function16                                                 : loaded 3 times (x 70B)
Class kotlin.coroutines.EmptyCoroutineContext                                         : loaded 3 times (x 77B)
Class [Lkotlin.reflect.KClass;                                                        : loaded 3 times (x 69B)
Class kotlin.collections.ArraysKt                                                     : loaded 3 times (x 71B)
Class kotlin.jvm.functions.Function15                                                 : loaded 3 times (x 70B)
Class kotlin.text.CharsKt__CharKt                                                     : loaded 3 times (x 71B)
Class kotlin.collections.ArrayDeque$Companion                                         : loaded 3 times (x 71B)
Class kotlin.coroutines.jvm.internal.Boxing                                           : loaded 3 times (x 71B)
Class kotlin.ranges.RangesKt___RangesKt                                               : loaded 3 times (x 71B)
Class kotlin.sequences.SequencesKt___SequencesKt$flatMap$1                            : loaded 3 times (x 125B)
Class kotlin.jvm.functions.Function14                                                 : loaded 3 times (x 70B)
Class kotlin.sequences.SequencesKt___SequencesKt                                      : loaded 3 times (x 71B)
Class kotlin.KotlinVersion$Companion                                                  : loaded 3 times (x 71B)
Class kotlin.collections.AbstractList$Companion                                       : loaded 3 times (x 71B)
Class kotlin.KotlinNullPointerException                                               : loaded 3 times (x 83B)
Class kotlin.jvm.functions.Function13                                                 : loaded 3 times (x 70B)
Class kotlin.io.FileTreeWalk$FileTreeWalkIterator                                     : loaded 3 times (x 83B)
Class kotlin.sequences.SequencesKt___SequencesKt$flatMap$2                            : loaded 3 times (x 125B)
Class kotlin.text.Charsets                                                            : loaded 3 times (x 71B)
Class kotlin.ranges.OpenEndRange                                                      : loaded 3 times (x 70B)
Class kotlin.coroutines.ContinuationInterceptor                                       : loaded 3 times (x 70B)
Class kotlin.text.StringsKt__AppendableKt                                             : loaded 3 times (x 71B)
Class kotlin.sequences.SequenceBuilderIterator                                        : loaded 3 times (x 85B)
Class jdk.internal.jimage.decompressor.CompressedResourceHeader                       : loaded 3 times (x 71B)
Class kotlin.collections.CollectionsKt__IterablesKt                                   : loaded 3 times (x 71B)
Class kotlin.collections.MapsKt                                                       : loaded 3 times (x 71B)
Class kotlin.jvm.internal.AdaptedFunctionReference                                    : loaded 3 times (x 77B)
Class kotlin.reflect.KProperty$Accessor                                               : loaded 3 times (x 70B)
Class [Lkotlin.reflect.KCallable;                                                     : loaded 3 times (x 69B)
Class kotlin.jvm.internal.ArrayIteratorKt                                             : loaded 3 times (x 71B)
Class kotlin.jvm.functions.Function12                                                 : loaded 3 times (x 70B)
Class kotlin.coroutines.intrinsics.CoroutineSingletons                                : loaded 3 times (x 79B)
Class jdk.internal.jrtfs.JrtFileSystem                                                : loaded 3 times (x 102B)
Class kotlin.sequences.SequenceScope                                                  : loaded 3 times (x 73B)
Class kotlin.jvm.internal.Intrinsics                                                  : loaded 3 times (x 71B)
Class kotlin.reflect.KAnnotatedElement                                                : loaded 3 times (x 70B)
Class kotlin.collections.EmptyMap                                                     : loaded 3 times (x 108B)
Class kotlin.sequences.Sequence                                                       : loaded 3 times (x 70B)
Class kotlin.jvm.internal.markers.KMutableCollection                                  : loaded 3 times (x 70B)
Class kotlin.collections.builders.MapBuilder$EntryRef                                 : loaded 3 times (x 81B)
Class kotlin.text.StringsKt__StringNumberConversionsJVMKt                             : loaded 3 times (x 71B)
Class kotlin.jvm.functions.Function11                                                 : loaded 3 times (x 70B)
Class kotlin.ranges.IntRange$Companion                                                : loaded 3 times (x 71B)
Class kotlin.coroutines.intrinsics.IntrinsicsKt                                       : loaded 3 times (x 71B)
Class [Lkotlin.reflect.KClassifier;                                                   : loaded 3 times (x 69B)
Class [Lkotlin.LazyThreadSafetyMode;                                                  : loaded 3 times (x 69B)
Class kotlin.jvm.functions.Function9                                                  : loaded 3 times (x 70B)
Class kotlin.collections.CollectionsKt___CollectionsKt$asSequence$$inlined$Sequence$1 : loaded 3 times (x 75B)
Class kotlin.jvm.functions.Function10                                                 : loaded 3 times (x 70B)
Class kotlin.annotation.MustBeDocumented                                              : loaded 3 times (x 70B)
Class kotlin.enums.EnumEntriesKt                                                      : loaded 3 times (x 71B)
Class kotlin.jvm.functions.Function20                                                 : loaded 3 times (x 70B)
Class kotlin.text.StringsKt___StringsKt                                               : loaded 3 times (x 71B)
Class kotlin.collections.CollectionsKt__MutableCollectionsJVMKt                       : loaded 3 times (x 71B)
Class kotlin.collections.builders.MapBuilder$Companion                                : loaded 3 times (x 71B)
Class kotlin.jvm.functions.Function8                                                  : loaded 3 times (x 70B)
Class [Lkotlin.annotation.AnnotationRetention;                                        : loaded 3 times (x 69B)
Class kotlin.collections.MapsKt__MapWithDefaultKt                                     : loaded 3 times (x 71B)
Class kotlin.jvm.functions.Function7                                                  : loaded 3 times (x 70B)
Class kotlin.jvm.functions.Function21                                                 : loaded 3 times (x 70B)
Class kotlin.collections.ArraysKt___ArraysKt                                          : loaded 3 times (x 71B)
Class kotlin.collections.MapsKt___MapsKt                                              : loaded 3 times (x 71B)
Class kotlin.jvm.functions.Function6                                                  : loaded 3 times (x 70B)
Class kotlin.io.FilesKt                                                               : loaded 3 times (x 71B)
Class kotlin.reflect.KDeclarationContainer                                            : loaded 3 times (x 70B)
Class kotlin.text.StringsKt___StringsJvmKt                                            : loaded 3 times (x 71B)
Class kotlin.annotation.AnnotationRetention                                           : loaded 3 times (x 79B)
Class kotlin.collections.MapWithDefault                                               : loaded 3 times (x 70B)
Class kotlin.jvm.functions.Function5                                                  : loaded 3 times (x 70B)
Class kotlin.coroutines.jvm.internal.SuspendLambda                                    : loaded 3 times (x 91B)
Class kotlin.coroutines.jvm.internal.ContinuationImpl                                 : loaded 3 times (x 87B)
Class kotlin.jvm.functions.Function22                                                 : loaded 3 times (x 70B)
Class kotlin.collections.builders.MapBuilderEntries                                   : loaded 3 times (x 145B)
Class kotlin.annotation.Retention                                                     : loaded 3 times (x 70B)
Class jdk.internal.jimage.ImageStrings                                                : loaded 3 times (x 70B)
Class kotlin.collections.CollectionsKt___CollectionsKt                                : loaded 3 times (x 71B)
Class kotlin.collections.EmptySet                                                     : loaded 3 times (x 122B)
Class kotlin.annotation.Target                                                        : loaded 3 times (x 70B)
Class kotlin.jvm.functions.Function4                                                  : loaded 3 times (x 70B)
Class kotlin.collections.MapsKt___MapsJvmKt                                           : loaded 3 times (x 71B)
Class kotlin.jvm.functions.Function3                                                  : loaded 3 times (x 70B)
Class kotlin.reflect.KTypeParameter                                                   : loaded 3 times (x 70B)
Class kotlin.collections.ArraysKt___ArraysJvmKt                                       : loaded 3 times (x 71B)
Class kotlin.collections.CollectionsKt__CollectionsKt                                 : loaded 3 times (x 71B)
Class kotlin.text.StringsKt__RegexExtensionsJVMKt                                     : loaded 3 times (x 71B)
Class kotlin.io.FileTreeWalk$WalkState                                                : loaded 3 times (x 73B)
Class kotlin.jvm.internal.markers.KMutableIterator                                    : loaded 3 times (x 70B)
Class kotlin.jvm.functions.Function2                                                  : loaded 3 times (x 70B)
Class kotlin.KotlinNothingValueException                                              : loaded 3 times (x 82B)
Class kotlin.jvm.functions.Function1                                                  : loaded 3 times (x 70B)
Class kotlin.collections.AbstractMutableList                                          : loaded 3 times (x 206B)
Class kotlin.text.Regex$Companion                                                     : loaded 3 times (x 71B)
Class kotlin._Assertions                                                              : loaded 3 times (x 71B)
Class kotlin.properties.ReadWriteProperty                                             : loaded 3 times (x 70B)
Class jdk.internal.jimage.decompressor.ZipDecompressor                                : loaded 3 times (x 75B)
Class kotlin.jvm.functions.Function0                                                  : loaded 3 times (x 70B)
Class kotlin.collections.ArraysUtilJVM                                                : loaded 3 times (x 71B)
Class kotlin.sequences.FlatteningSequence$iterator$1                                  : loaded 3 times (x 79B)
Class [Lkotlin.annotation.AnnotationTarget;                                           : loaded 3 times (x 69B)
Class [Lkotlin.coroutines.intrinsics.CoroutineSingletons;                             : loaded 3 times (x 69B)
Class kotlin.sequences.GeneratorSequence                                              : loaded 3 times (x 75B)
Class kotlin.jvm.internal.FunctionReference                                           : loaded 3 times (x 122B)
Class kotlin.jvm.internal.FunctionBase                                                : loaded 3 times (x 70B)
Class kotlin.enums.EnumEntriesList                                                    : loaded 3 times (x 223B)
Class [Lkotlin.DeprecationLevel;                                                      : loaded 3 times (x 69B)
Class kotlin.ranges.RangesKt                                                          : loaded 3 times (x 71B)
Class kotlin.jvm.internal.markers.KMutableIterable                                    : loaded 3 times (x 70B)
Class kotlin.TuplesKt                                                                 : loaded 3 times (x 71B)
Class kotlin.Unit                                                                     : loaded 3 times (x 71B)
Class kotlin.sequences.SequencesKt___SequencesJvmKt                                   : loaded 3 times (x 71B)
Class kotlin.comparisons.ComparisonsKt___ComparisonsJvmKt                             : loaded 3 times (x 71B)
Class kotlin.jvm.internal.FunctionReferenceImpl                                       : loaded 3 times (x 122B)
Class kotlin.collections.CollectionsKt___CollectionsJvmKt                             : loaded 3 times (x 71B)
Class kotlin.collections.ReversedListReadOnly                                         : loaded 3 times (x 198B)
Class kotlin.reflect.KType                                                            : loaded 3 times (x 70B)
Class kotlin.collections.builders.AbstractMapBuilderEntrySet                          : loaded 3 times (x 144B)
Class kotlin.collections.CollectionsKt__IteratorsJVMKt                                : loaded 3 times (x 71B)
Class kotlin.text.CharsKt__CharJVMKt                                                  : loaded 3 times (x 71B)
Class kotlin.Result$Companion                                                         : loaded 3 times (x 71B)
Class kotlin.sequences.FilteringSequence                                              : loaded 3 times (x 75B)
Class kotlin.coroutines.jvm.internal.BaseContinuationImpl                             : loaded 3 times (x 87B)
Class kotlin.comparisons.ComparisonsKt___ComparisonsKt                                : loaded 3 times (x 71B)
Class kotlin.comparisons.ComparisonsKt                                                : loaded 3 times (x 71B)
Class kotlin.Result                                                                   : loaded 3 times (x 72B)
Class kotlin.reflect.KProperty0                                                       : loaded 3 times (x 70B)
Class jdk.internal.jimage.decompressor.ZipDecompressorFactory                         : loaded 3 times (x 74B)
Class kotlin.ranges.RangesKt__RangesKt                                                : loaded 3 times (x 71B)
Class kotlin.jvm.internal.ClassBasedDeclarationContainer                              : loaded 3 times (x 70B)
Class kotlin.collections.SetsKt___SetsKt                                              : loaded 3 times (x 71B)
Class kotlin.sequences.SequencesKt__SequencesKt                                       : loaded 3 times (x 71B)
Class jdk.internal.jrtfs.JrtFileSystemProvider                                        : loaded 3 times (x 101B)
Class kotlin.sequences.TransformingSequence$iterator$1                                : loaded 3 times (x 79B)
Class kotlin.Pair                                                                     : loaded 3 times (x 72B)
Class kotlin.reflect.KProperty1                                                       : loaded 3 times (x 70B)
Class kotlin.reflect.KClass                                                           : loaded 3 times (x 70B)
Class kotlin.coroutines.Continuation                                                  : loaded 3 times (x 70B)
Class kotlin.collections.ReversedListReadOnly$listIterator$1                          : loaded 3 times (x 90B)
Class kotlin.comparisons.ComparisonsKt__ComparisonsKt                                 : loaded 3 times (x 71B)
Class kotlin.UNINITIALIZED_VALUE                                                      : loaded 3 times (x 71B)
Class kotlin.jvm.internal.ReflectionFactory                                           : loaded 3 times (x 91B)
Class kotlin.sequences.GeneratorSequence$iterator$1                                   : loaded 3 times (x 79B)
Class kotlin.jvm.internal.Ref$ObjectRef                                               : loaded 3 times (x 72B)
Class kotlin.io.CloseableKt                                                           : loaded 3 times (x 71B)
Class kotlin.reflect.KProperty2                                                       : loaded 3 times (x 70B)
Class kotlin.collections.CollectionsKt__MutableCollectionsKt                          : loaded 3 times (x 71B)
Class kotlin.LazyKt__LazyKt                                                           : loaded 3 times (x 71B)
Class kotlin.text.StringsKt__StringBuilderJVMKt                                       : loaded 3 times (x 71B)
Class kotlin.text.Regex                                                               : loaded 3 times (x 72B)
Class kotlin.collections.ArrayAsCollection                                            : loaded 3 times (x 105B)
Class kotlin.Triple                                                                   : loaded 3 times (x 72B)
Class kotlin.sequences.SequencesKt__SequenceBuilderKt$sequence$$inlined$Sequence$1    : loaded 3 times (x 75B)
Class kotlin.coroutines.CoroutineContext$Element                                      : loaded 3 times (x 70B)
Class kotlin.io.TerminateException                                                    : loaded 3 times (x 82B)
Class kotlin.io.FilesKt__FilePathComponentsKt                                         : loaded 3 times (x 71B)
Class kotlin.collections.AbstractCollection                                           : loaded 3 times (x 117B)
Class kotlin.reflect.KCallable                                                        : loaded 3 times (x 70B)
Class kotlin.collections.AbstractList                                                 : loaded 3 times (x 197B)
Class kotlin.sequences.SequencesKt__SequencesJVMKt                                    : loaded 3 times (x 71B)
Class kotlin.collections.AbstractIterator                                             : loaded 3 times (x 83B)
Class kotlin.text.CharsKt                                                             : loaded 3 times (x 71B)
Class kotlin.io.FilePathComponents                                                    : loaded 3 times (x 72B)
Class kotlin.coroutines.jvm.internal.RestrictedSuspendLambda                          : loaded 3 times (x 91B)
Class jdk.internal.jimage.ImageReader$Directory                                       : loaded 3 times (x 84B)
Class kotlin.SynchronizedLazyImpl                                                     : loaded 3 times (x 76B)
Class jdk.internal.jimage.ImageLocation                                               : loaded 3 times (x 90B)
Class kotlin.text.StringsKt__RegexExtensionsKt                                        : loaded 3 times (x 71B)
Class kotlin.collections.EmptyIterator                                                : loaded 3 times (x 89B)
Class kotlin.jvm.internal.SpreadBuilder                                               : loaded 3 times (x 76B)
Class kotlin.coroutines.ContinuationInterceptor$Key                                   : loaded 3 times (x 71B)
Class jdk.internal.jimage.decompressor.ResourceDecompressorRepository                 : loaded 3 times (x 71B)
Class kotlin.jvm.internal.ArrayIterator                                               : loaded 3 times (x 79B)
Class kotlin.LazyThreadSafetyMode                                                     : loaded 3 times (x 79B)
Class kotlin.jvm.internal.MutablePropertyReference                                    : loaded 3 times (x 119B)
Class kotlin.LazyKt__LazyJVMKt$WhenMappings                                           : loaded 3 times (x 71B)
Class kotlin.collections.builders.MapBuilder$EntriesItr                               : loaded 3 times (x 81B)
Class kotlin.UnsafeLazyImpl                                                           : loaded 3 times (x 76B)
Class jdk.internal.jimage.ImageBufferCache$1                                          : loaded 3 times (x 83B)
Class kotlin.DeprecationLevel                                                         : loaded 3 times (x 79B)
Class kotlin.jvm.internal.PropertyReference1                                          : loaded 3 times (x 127B)
Class kotlin.jvm.internal.DefaultConstructorMarker                                    : loaded 3 times (x 71B)
Class kotlin.io.FileSystemException                                                   : loaded 3 times (x 82B)
Class kotlin.collections.ArraysKt___ArraysKt$asSequence$$inlined$Sequence$1           : loaded 3 times (x 75B)
Class kotlin.sequences.EmptySequence                                                  : loaded 3 times (x 78B)
Class jdk.internal.jrtfs.JrtPath                                                      : loaded 3 times (x 118B)
Class kotlin.collections.MapsKt__MapsJVMKt                                            : loaded 3 times (x 71B)
Class kotlin.collections.EmptyList                                                    : loaded 3 times (x 174B)
Class jdk.internal.jimage.ImageBufferCache                                            : loaded 3 times (x 71B)
Class jdk.internal.jimage.ImageBufferCache$2                                          : loaded 3 times (x 91B)
Class kotlin.enums.EnumEntries                                                        : loaded 3 times (x 70B)
Class kotlin.jvm.internal.markers.KMutableMap                                         : loaded 3 times (x 70B)
Class kotlin.properties.ReadOnlyProperty                                              : loaded 3 times (x 70B)
Class kotlin.collections.builders.ListBuilderKt                                       : loaded 3 times (x 71B)
Class kotlin.ranges.IntRange                                                          : loaded 3 times (x 93B)
Class kotlin.jvm.internal.CallableReference                                           : loaded 3 times (x 106B)
Class kotlin.collections.AbstractList$IteratorImpl                                    : loaded 3 times (x 82B)
Class [Lkotlin.sequences.Sequence;                                                    : loaded 3 times (x 69B)
Class kotlin.jvm.internal.MutablePropertyReference1Impl                               : loaded 3 times (x 137B)
Class kotlin.text.StringsKt__StringNumberConversionsKt                                : loaded 3 times (x 71B)
Class [Lkotlin.Pair;                                                                  : loaded 3 times (x 69B)
Class kotlin.ResultKt                                                                 : loaded 3 times (x 71B)
Class kotlin.jvm.internal.markers.KMutableList                                        : loaded 3 times (x 70B)
Class kotlin.io.FilesKt__FileReadWriteKt                                              : loaded 3 times (x 71B)
Class kotlin.jvm.KotlinReflectionNotSupportedError                                    : loaded 3 times (x 82B)
Class jdk.internal.jimage.decompressor.Decompressor                                   : loaded 3 times (x 72B)
Class kotlin.LazyKt__LazyJVMKt                                                        : loaded 3 times (x 71B)
Class kotlin.collections.IndexingIterable                                             : loaded 3 times (x 79B)
Class kotlin.coroutines.CoroutineContext$Key                                          : loaded 3 times (x 70B)
Class kotlin.Result$Failure                                                           : loaded 3 times (x 72B)
Class kotlin.collections.ArraysKt__ArraysKt                                           : loaded 3 times (x 71B)
Class kotlin.coroutines.jvm.internal.RestrictedContinuationImpl                       : loaded 3 times (x 87B)
Class kotlin.text.StringsKt                                                           : loaded 3 times (x 71B)
Class kotlin.jvm.internal.markers.KMutableSet                                         : loaded 3 times (x 70B)
Class kotlin.collections.CollectionsKt__IteratorsKt                                   : loaded 3 times (x 71B)
Class kotlin.collections.builders.MapBuilder$Itr                                      : loaded 3 times (x 72B)
Class kotlin.KotlinVersionCurrentValue                                                : loaded 3 times (x 71B)
Class kotlin.sequences.SequencesKt                                                    : loaded 3 times (x 71B)
Class kotlin.collections.IndexedValue                                                 : loaded 3 times (x 72B)
Class jdk.internal.jimage.BasicImageReader$1                                          : loaded 3 times (x 77B)
Class kotlin.collections.SetsKt__SetsJVMKt                                            : loaded 3 times (x 71B)
Class kotlin.collections.CollectionsKt__CollectionsJVMKt                              : loaded 3 times (x 71B)
Class kotlin.Function                                                                 : loaded 3 times (x 70B)
Class kotlin.io.FilesKt__UtilsKt                                                      : loaded 3 times (x 71B)
Class jdk.internal.jimage.ImageReader$Node                                            : loaded 3 times (x 84B)
Class kotlin.coroutines.intrinsics.IntrinsicsKt__IntrinsicsKt                         : loaded 3 times (x 71B)
Class kotlin.internal.ProgressionUtilKt                                               : loaded 3 times (x 71B)
Class kotlin.io.FileAlreadyExistsException                                            : loaded 3 times (x 82B)
Class kotlin.KotlinVersion                                                            : loaded 3 times (x 74B)
Class kotlin.reflect.KMutableProperty                                                 : loaded 3 times (x 70B)
Class kotlin.text.RegexKt                                                             : loaded 3 times (x 71B)
Class jdk.internal.jimage.decompressor.ResourceDecompressorFactory                    : loaded 3 times (x 74B)
Class jdk.internal.jimage.ImageHeader                                                 : loaded 3 times (x 71B)
Class kotlin.SafePublicationLazyImpl                                                  : loaded 3 times (x 76B)
Class jdk.internal.jimage.ImageReader$SharedImageReader                               : loaded 3 times (x 95B)
Class kotlin.jvm.internal.PropertyReference                                           : loaded 3 times (x 115B)
Class kotlin.reflect.KProperty$Getter                                                 : loaded 3 times (x 70B)
Class jdk.internal.jimage.ImageReader                                                 : loaded 3 times (x 75B)
Class kotlin.UninitializedPropertyAccessException                                     : loaded 3 times (x 82B)
Class kotlin.collections.AbstractMutableSet                                           : loaded 3 times (x 142B)
Class kotlin.collections.IndexingIterator                                             : loaded 3 times (x 79B)
Class kotlin.Metadata                                                                 : loaded 3 times (x 70B)
Class kotlin.properties.Delegates                                                     : loaded 3 times (x 71B)
Class kotlin.jvm.internal.markers.KMutableMap$Entry                                   : loaded 3 times (x 70B)
Class jdk.internal.jimage.ImageStringsReader                                          : loaded 3 times (x 80B)
Class kotlin.collections.MapsKt__MapsKt                                               : loaded 3 times (x 71B)
Class [Lkotlin.reflect.KDeclarationContainer;                                         : loaded 3 times (x 69B)
Class kotlin.jvm.internal.Lambda                                                      : loaded 3 times (x 75B)
Class [Lkotlin.reflect.KAnnotatedElement;                                             : loaded 3 times (x 69B)
Class kotlin.reflect.KFunction                                                        : loaded 3 times (x 70B)
Class kotlin.collections.ArrayDeque                                                   : loaded 3 times (x 207B)
Class kotlin.text.StringsKt__IndentKt                                                 : loaded 3 times (x 71B)
Class kotlin.collections.SetsKt                                                       : loaded 3 times (x 71B)
Class kotlin.text.StringsKt__StringsJVMKt                                             : loaded 3 times (x 71B)
Class kotlin.annotation.AnnotationTarget                                              : loaded 3 times (x 79B)
Class kotlin.ranges.ClosedRange                                                       : loaded 3 times (x 70B)
Class kotlin.reflect.KProperty                                                        : loaded 3 times (x 70B)
Class kotlin.jvm.internal.Reflection                                                  : loaded 3 times (x 71B)
Class kotlin.jvm.JvmClassMappingKt                                                    : loaded 3 times (x 71B)
Class kotlin.jvm.internal.TypeIntrinsics                                              : loaded 3 times (x 71B)
Class kotlin.collections.IntIterator                                                  : loaded 3 times (x 82B)
Class jdk.internal.jimage.decompressor.ResourceDecompressor                           : loaded 3 times (x 70B)
Class com.google.common.primitives.IntsMethodsForWeb                                  : loaded 2 times (x 71B)
Class com.google.common.collect.Multimap                                              : loaded 2 times (x 70B)
Class org.gradle.internal.classpath.DefaultClassPath$ImmutableUniqueList              : loaded 2 times (x 199B)
Class org.gradle.api.internal.ClassPathRegistry                                       : loaded 2 times (x 70B)
Class com.google.common.collect.Maps$EntryFunction$2                                  : loaded 2 times (x 91B)
Class com.google.common.reflect.Invokable$ConstructorInvokable                        : loaded 2 times (x 107B)
Class org.jetbrains.kotlin.cli.common.messages.MessageCollector                       : loaded 2 times (x 70B)
Class kotlinx.coroutines.DispatchedTaskKt                                             : loaded 2 times (x 71B)
Class kotlinx.coroutines.internal.SystemPropsKt__SystemProps_commonKt                 : loaded 2 times (x 71B)
Class kotlinx.coroutines.ThreadContextElement                                         : loaded 2 times (x 70B)
Class kotlin.reflect.jvm.internal.impl.resolve.jvm.JvmPrimitiveType                   : loaded 2 times (x 79B)
Class kotlin.jvm.internal.ShortCompanionObject                                        : loaded 2 times (x 71B)
Class com.google.common.reflect.TypeToken                                             : loaded 2 times (x 73B)
Class com.google.common.collect.NullnessCasts                                         : loaded 2 times (x 71B)
Class com.google.common.base.ExtraObjectsMethodsForWeb                                : loaded 2 times (x 71B)
Class org.jetbrains.kotlin.cli.common.messages.CompilerMessageSourceLocation          : loaded 2 times (x 70B)
Class kotlin.time.DurationUnit                                                        : loaded 2 times (x 79B)
Class org.gradle.api.internal.DefaultClassPathRegistry                                : loaded 2 times (x 76B)
Class org.jetbrains.kotlin.cli.common.arguments.K2JVMCompilerArgumentsConfigurator    : loaded 2 times (x 74B)
Class com.google.common.cache.RemovalListener                                         : loaded 2 times (x 70B)
Class com.google.common.collect.SingletonImmutableList                                : loaded 2 times (x 207B)
Class com.google.common.cache.CacheBuilder                                            : loaded 2 times (x 72B)
Class org.gradle.internal.classpath.ClassPath                                         : loaded 2 times (x 70B)
Class kotlin.sequences.TakeWhileSequence$iterator$1                                   : loaded 2 times (x 79B)
Class com.google.common.base.Present                                                  : loaded 2 times (x 81B)
Class kotlin.reflect.jvm.internal.KPackageImpl                                        : loaded 2 times (x 85B)
Class [Lkotlin.reflect.jvm.internal.impl.name.FqName;                                 : loaded 2 times (x 69B)
Class com.google.common.collect.Maps$EntryFunction$1                                  : loaded 2 times (x 91B)
Class [Lcom.google.common.reflect.Types$JavaVersion;                                  : loaded 2 times (x 69B)
Class com.google.common.collect.ImmutableList$ReverseImmutableList                    : loaded 2 times (x 209B)
Class com.google.common.base.JdkPattern                                               : loaded 2 times (x 75B)
Class kotlin.ranges.LongRange                                                         : loaded 2 times (x 93B)
Class kotlin.time.DurationUnitKt__DurationUnitKt                                      : loaded 2 times (x 71B)
Class [Lkotlinx.coroutines.CoroutineStart;                                            : loaded 2 times (x 69B)
Class kotlinx.coroutines.CoroutineDispatcher$Key                                      : loaded 2 times (x 72B)
Class kotlin.reflect.jvm.internal.ReflectProperties$LazySoftVal                       : loaded 2 times (x 78B)
Class kotlin.reflect.jvm.internal.impl.builtins.StandardNames                         : loaded 2 times (x 71B)
Class [Lkotlin.reflect.jvm.internal.impl.builtins.PrimitiveType;                      : loaded 2 times (x 69B)
Class org.jetbrains.kotlin.cli.common.arguments.Freezable                             : loaded 2 times (x 72B)
Class org.gradle.api.internal.classpath.DefaultModuleRegistry$DefaultModuleAlias      : loaded 2 times (x 80B)
Class com.google.common.util.concurrent.AbstractFuture$Cancellation                   : loaded 2 times (x 72B)
Class com.google.common.base.NullnessCasts                                            : loaded 2 times (x 71B)
Class com.google.common.collect.Iterators$1                                           : loaded 2 times (x 81B)
Class com.google.common.base.Suppliers$SupplierOfInstance                             : loaded 2 times (x 79B)
Class kotlin.ranges.LongProgression$Companion                                         : loaded 2 times (x 71B)
Class com.google.common.collect.ImmutableMap$Builder                                  : loaded 2 times (x 82B)
Class kotlinx.coroutines.ExecutorCoroutineDispatcher$Key$1                            : loaded 2 times (x 78B)
Class kotlin.coroutines.CombinedContext                                               : loaded 2 times (x 78B)
Class com.google.common.cache.Cache                                                   : loaded 2 times (x 70B)
Class com.google.common.cache.LocalCache$Strength                                     : loaded 2 times (x 81B)
Class com.google.devtools.ksp.processing.KSPJvmConfig                                 : loaded 2 times (x 72B)
Class com.google.common.reflect.TypeToken$1                                           : loaded 2 times (x 110B)
Class com.google.common.cache.LocalCache$ComputingValueReference                      : loaded 2 times (x 96B)
Class com.google.common.collect.ImmutableMap$IteratorBasedImmutableMap                : loaded 2 times (x 126B)
Class com.google.common.collect.SingletonImmutableSet                                 : loaded 2 times (x 146B)
Class com.google.common.base.Stopwatch                                                : loaded 2 times (x 72B)
Class org.jetbrains.kotlin.config.Services$Companion                                  : loaded 2 times (x 71B)
Class [Lorg.jetbrains.kotlin.cli.common.messages.CompilerMessageSeverity;             : loaded 2 times (x 69B)
Class com.google.common.reflect.TypeToken$2                                           : loaded 2 times (x 110B)
Class com.google.common.cache.LocalCache$Segment                                      : loaded 2 times (x 154B)
Class kotlinx.coroutines.internal.LockFreeTaskQueueCore                               : loaded 2 times (x 72B)
Class kotlin.time.DurationJvmKt                                                       : loaded 2 times (x 71B)
Class kotlinx.coroutines.JobCancellingNode                                            : loaded 2 times (x 90B)
Class kotlin.reflect.jvm.internal.ReflectProperties                                   : loaded 2 times (x 71B)
Class com.google.common.collect.ImmutableBiMap                                        : loaded 2 times (x 143B)
Class com.google.common.collect.Iterators$4                                           : loaded 2 times (x 82B)
Class com.google.common.cache.CacheLoader                                             : loaded 2 times (x 74B)
Class com.google.common.collect.AbstractListMultimap                                  : loaded 2 times (x 172B)
Class org.gradle.api.internal.classpath.ModuleRegistry                                : loaded 2 times (x 70B)
Class org.gradle.internal.installation.GradleInstallation$1                           : loaded 2 times (x 75B)
Class org.gradle.api.internal.classpath.UnknownModuleException                        : loaded 2 times (x 82B)
Class kotlin.jvm.internal.DoubleCompanionObject                                       : loaded 2 times (x 71B)
Class com.google.devtools.ksp.processing.KSPLogger                                    : loaded 2 times (x 70B)
Class com.google.common.collect.ImmutableSet$JdkBackedSetBuilderImpl                  : loaded 2 times (x 76B)
Class com.google.common.collect.Iterators$5                                           : loaded 2 times (x 82B)
Class com.google.common.util.concurrent.internal.InternalFutureFailureAccess          : loaded 2 times (x 72B)
Class [Lkotlin.jvm.internal.markers.KMappedMarker;                                    : loaded 2 times (x 69B)
Class com.google.common.cache.Weigher                                                 : loaded 2 times (x 70B)
Class kotlin.time.Duration$Companion                                                  : loaded 2 times (x 71B)
Class kotlinx.coroutines.internal.DispatchedContinuationKt                            : loaded 2 times (x 71B)
Class kotlinx.coroutines.Job$Key                                                      : loaded 2 times (x 71B)
Class kotlinx.coroutines.DefaultExecutor                                              : loaded 2 times (x 120B)
Class kotlin.reflect.jvm.internal.KDeclarationContainerImpl                           : loaded 2 times (x 84B)
Class com.google.common.collect.Iterators$6                                           : loaded 2 times (x 81B)
Class com.google.common.cache.LocalCache$LocalManualCache$1                           : loaded 2 times (x 75B)
Class org.gradle.api.internal.classpath.Module                                        : loaded 2 times (x 70B)
Class com.google.common.collect.ImmutableMapEntrySet                                  : loaded 2 times (x 152B)
Class kotlin.reflect.jvm.internal.KotlinReflectionInternalError                       : loaded 2 times (x 82B)
Class com.google.common.collect.ImmutableCollection                                   : loaded 2 times (x 125B)
Class org.gradle.api.internal.classpath.DefaultModuleRegistry                         : loaded 2 times (x 84B)
Class kotlin.reflect.jvm.internal.impl.builtins.jvm.JavaToKotlinClassMap              : loaded 2 times (x 71B)
Class kotlin.collections.AbstractMutableMap                                           : loaded 2 times (x 128B)
Class kotlinx.coroutines.Job                                                          : loaded 2 times (x 70B)
Class kotlinx.coroutines.EventLoop                                                    : loaded 2 times (x 105B)
Class kotlin.collections.AbstractSet                                                  : loaded 2 times (x 135B)
Class com.google.common.collect.Multiset                                              : loaded 2 times (x 70B)
Class com.google.common.collect.ArrayListMultimapGwtSerializationDependencies         : loaded 2 times (x 172B)
Class kotlin.reflect.jvm.internal.impl.name.SpecialNames                              : loaded 2 times (x 71B)
Class com.google.common.collect.AbstractIndexedListIterator                           : loaded 2 times (x 96B)
Class com.google.common.math.MathPreconditions                                        : loaded 2 times (x 71B)
Class com.google.common.collect.Lists                                                 : loaded 2 times (x 71B)
Class com.google.common.util.concurrent.ListenableFuture                              : loaded 2 times (x 70B)
Class com.google.common.cache.ReferenceEntry                                          : loaded 2 times (x 70B)
Class com.google.common.base.Converter                                                : loaded 2 times (x 90B)
Class com.google.common.collect.ImmutableSet$CachingAsList                            : loaded 2 times (x 148B)
Class jdk.internal.jimage.BasicImageReader$2                                          : loaded 2 times (x 77B)
Class kotlin.properties.NotNullVar                                                    : loaded 2 times (x 79B)
Class com.google.common.collect.ObjectArrays                                          : loaded 2 times (x 71B)
Class com.google.common.collect.FluentIterable$3                                      : loaded 2 times (x 81B)
Class com.google.common.collect.Iterators$9                                           : loaded 2 times (x 81B)
Class com.google.common.util.concurrent.AbstractFuture                                : loaded 2 times (x 106B)
Class com.google.common.base.FunctionalEquivalence                                    : loaded 2 times (x 83B)
Class com.google.common.collect.AbstractMapBasedMultimap                              : loaded 2 times (x 139B)
Class com.google.common.collect.ImmutableAsList                                       : loaded 2 times (x 209B)
Class kotlin.Deprecated                                                               : loaded 2 times (x 70B)
Class kotlinx.coroutines.ExecutorCoroutineDispatcher                                  : loaded 2 times (x 107B)
Class com.google.common.collect.AbstractIterator                                      : loaded 2 times (x 82B)
Class com.google.common.reflect.TypeResolver$TypeTable                                : loaded 2 times (x 73B)
Class com.google.common.cache.CacheLoader$SupplierToCacheLoader                       : loaded 2 times (x 75B)
Class com.google.common.primitives.Ints                                               : loaded 2 times (x 71B)
Class jdk.internal.jimage.ImageReader$Resource                                        : loaded 2 times (x 84B)
Class com.google.common.base.Absent                                                   : loaded 2 times (x 80B)
Class kotlinx.coroutines.ChildJob                                                     : loaded 2 times (x 70B)
Class kotlinx.coroutines.scheduling.TasksKt                                           : loaded 2 times (x 71B)
Class kotlinx.coroutines.internal.SystemPropsKt__SystemPropsKt                        : loaded 2 times (x 71B)
Class [Lorg.jetbrains.kotlin.cli.common.ExitCode;                                     : loaded 2 times (x 69B)
Class com.google.common.collect.FluentIterable$2                                      : loaded 2 times (x 81B)
Class com.google.common.reflect.Reflection                                            : loaded 2 times (x 71B)
Class org.gradle.api.internal.classpath.DefaultModuleRegistry$DefaultModule           : loaded 2 times (x 82B)
Class com.google.common.collect.BiMap                                                 : loaded 2 times (x 70B)
Class com.google.common.reflect.TypeResolver$TypeTable$1                              : loaded 2 times (x 73B)
Class com.google.common.collect.Maps$EntryTransformer                                 : loaded 2 times (x 70B)
Class org.gradle.internal.service.ServiceLookupException                              : loaded 2 times (x 82B)
Class jdk.internal.jrtfs.JrtFileAttributes                                            : loaded 2 times (x 83B)
Class com.google.common.collect.ImmutableMap$1                                        : loaded 2 times (x 81B)
Class com.google.common.collect.IndexedImmutableSet                                   : loaded 2 times (x 152B)
Class kotlinx.coroutines.ChildHandleNode                                              : loaded 2 times (x 94B)
Class kotlinx.coroutines.scheduling.SchedulerCoroutineDispatcher                      : loaded 2 times (x 108B)
Class kotlin.sequences.SequencesKt___SequencesKt$sortedWith$1                         : loaded 2 times (x 75B)
Class [Lcom.google.common.cache.LocalCache$EntryFactory;                              : loaded 2 times (x 69B)
Class org.gradle.internal.classloader.ClassLoaderFactory                              : loaded 2 times (x 70B)
Class kotlin.jvm.internal.EnumCompanionObject                                         : loaded 2 times (x 71B)
Class kotlinx.coroutines.CompletionHandlerBase                                        : loaded 2 times (x 80B)
Class kotlin.reflect.jvm.internal.impl.builtins.PrimitiveType                         : loaded 2 times (x 79B)
Class org.jetbrains.kotlin.cli.common.arguments.ArgumentParseErrors                   : loaded 2 times (x 72B)
Class com.google.common.base.CommonPattern                                            : loaded 2 times (x 74B)
Class com.google.common.cache.LocalCache$LocalManualCache                             : loaded 2 times (x 99B)
Class org.gradle.internal.service.CachingServiceLocator                               : loaded 2 times (x 82B)
Class kotlin.collections.AbstractMap                                                  : loaded 2 times (x 122B)
Class com.google.common.base.Objects                                                  : loaded 2 times (x 71B)
Class com.google.common.collect.FluentIterable$1                                      : loaded 2 times (x 81B)
Class com.google.common.math.IntMath                                                  : loaded 2 times (x 71B)
Class kotlinx.coroutines.BlockingEventLoop                                            : loaded 2 times (x 117B)
Class kotlin.coroutines.AbstractCoroutineContextElement                               : loaded 2 times (x 89B)
Class kotlinx.coroutines.ThreadLocalEventLoop                                         : loaded 2 times (x 71B)
Class kotlin.coroutines.ContinuationKt                                                : loaded 2 times (x 71B)
Class kotlin.reflect.jvm.internal.impl.builtins.StandardNames$FqNames                 : loaded 2 times (x 71B)
Class kotlin.reflect.jvm.internal.impl.descriptors.runtime.structure.ReflectClassUtilKt: loaded 2 times (x 71B)
Class kotlinx.coroutines.JobSupport                                                   : loaded 2 times (x 132B)
Class com.google.common.reflect.Types$TypeVariableInvocationHandler                   : loaded 2 times (x 75B)
Class [Lcom.google.common.collect.HashBiMap$BiEntry;                                  : loaded 2 times (x 69B)
Class com.google.common.collect.ImmutableMapEntry                                     : loaded 2 times (x 85B)
Class kotlinx.coroutines.CompletionStateKt                                            : loaded 2 times (x 71B)
Class kotlin.text.LinesIterator$State                                                 : loaded 2 times (x 71B)
Class com.google.common.base.Predicates                                               : loaded 2 times (x 71B)
Class com.google.common.collect.ImmutableMapEntry$NonTerminalImmutableMapEntry        : loaded 2 times (x 85B)
Class com.google.common.base.Equivalence                                              : loaded 2 times (x 82B)
Class com.google.common.base.Function                                                 : loaded 2 times (x 70B)
Class kotlin.jvm.internal.markers.KMutableListIterator                                : loaded 2 times (x 70B)
Class kotlinx.coroutines.CoroutineDispatcher$Key$1                                    : loaded 2 times (x 78B)
Class kotlinx.coroutines.CoroutineDispatcher                                          : loaded 2 times (x 99B)
Class [Lorg.jetbrains.kotlin.cli.common.CompilerSystemProperties;                     : loaded 2 times (x 69B)
Class com.google.common.collect.IndexedImmutableSet$1                                 : loaded 2 times (x 213B)
Class com.google.common.collect.RegularImmutableList                                  : loaded 2 times (x 213B)
Class com.google.common.cache.CacheBuilder$OneWeigher                                 : loaded 2 times (x 82B)
Class com.google.common.cache.CacheLoader$UnsupportedLoadingOperationException        : loaded 2 times (x 82B)
Class kotlin.reflect.jvm.internal.ReflectionFactoryImpl                               : loaded 2 times (x 91B)
Class kotlin.text.StringsKt__StringsKt$lineSequence$$inlined$Sequence$1               : loaded 2 times (x 75B)
Class kotlin.reflect.jvm.internal.KDeclarationContainerImpl$Companion                 : loaded 2 times (x 71B)
Class com.google.common.reflect.Types$ClassOwnership$1LocalClass                      : loaded 2 times (x 71B)
Class com.google.common.collect.Maps$EntryFunction                                    : loaded 2 times (x 91B)
Class org.gradle.internal.classloader.ClasspathUtil                                   : loaded 2 times (x 71B)
Class kotlinx.coroutines.internal.ThreadLocalKt                                       : loaded 2 times (x 71B)
Class kotlin.collections.builders.SetBuilder                                          : loaded 2 times (x 143B)
Class kotlinx.coroutines.NonDisposableHandle                                          : loaded 2 times (x 78B)
Class kotlin.time.DurationUnitKt__DurationUnitJvmKt                                   : loaded 2 times (x 71B)
Class kotlin.jvm.internal.PropertyReference0                                          : loaded 2 times (x 127B)
Class org.jetbrains.kotlin.cli.common.arguments.ParseCommandLineArgumentsKt           : loaded 2 times (x 71B)
Class com.google.common.util.concurrent.Uninterruptibles                              : loaded 2 times (x 71B)
Class kotlin.reflect.full.IllegalCallableAccessException                              : loaded 2 times (x 82B)
Class kotlin.jvm.JvmStatic                                                            : loaded 2 times (x 70B)
Class kotlin.collections.builders.SetBuilder$Companion                                : loaded 2 times (x 71B)
Class com.google.common.util.concurrent.LazyLogger                                    : loaded 2 times (x 72B)
Class com.google.common.collect.Maps                                                  : loaded 2 times (x 71B)
Class org.gradle.api.specs.Spec                                                       : loaded 2 times (x 70B)
Class jdk.internal.jimage.ImageReader$SharedImageReader$LocationVisitor               : loaded 2 times (x 70B)
Class kotlin.io.FileTreeWalk$FileTreeWalkIterator$WhenMappings                        : loaded 2 times (x 71B)
Class kotlin.jvm.internal.Ref$IntRef                                                  : loaded 2 times (x 71B)
Class kotlin.jvm.internal.PropertyReference2                                          : loaded 2 times (x 127B)
Class com.google.common.util.concurrent.UncheckedExecutionException                   : loaded 2 times (x 82B)
Class com.google.common.reflect.Types$JavaVersion                                     : loaded 2 times (x 83B)
Class [Lcom.google.common.collect.ImmutableEntry;                                     : loaded 2 times (x 69B)
Class kotlinx.coroutines.CoroutineContextKt                                           : loaded 2 times (x 71B)
Class [Lkotlin.reflect.jvm.internal.impl.builtins.jvm.JavaToKotlinClassMap$PlatformMutabilityMapping;: loaded 2 times (x 69B)
Class com.google.common.collect.Lists$StringAsImmutableList                           : loaded 2 times (x 207B)
Class kotlin.reflect.full.IllegalPropertyDelegateAccessException                      : loaded 2 times (x 82B)
Class org.jetbrains.kotlin.config.Services                                            : loaded 2 times (x 72B)
Class com.google.common.collect.Sets$3$1                                              : loaded 2 times (x 82B)
Class com.google.common.cache.LocalCache$LoadingValueReference                        : loaded 2 times (x 96B)
Class kotlin.text.DelimitedRangesSequence$iterator$1                                  : loaded 2 times (x 79B)
Class kotlin.collections.MutableMapWithDefault                                        : loaded 2 times (x 70B)
Class kotlinx.coroutines.internal.DispatchedContinuation                              : loaded 2 times (x 90B)
Class kotlinx.coroutines.internal.Symbol                                              : loaded 2 times (x 72B)
Class kotlin.jvm.internal.IntCompanionObject                                          : loaded 2 times (x 71B)
Class jdk.internal.jrtfs.JrtDirectoryStream$1                                         : loaded 2 times (x 83B)
Class com.google.common.util.concurrent.AbstractFuture$Trusted                        : loaded 2 times (x 70B)
Class com.google.common.reflect.Invokable$MethodInvokable                             : loaded 2 times (x 107B)
Class com.google.common.collect.CollectSpliterators                                   : loaded 2 times (x 71B)
Class com.google.common.base.Platform                                                 : loaded 2 times (x 71B)
Class com.google.common.collect.Iterators                                             : loaded 2 times (x 71B)
Class com.google.common.base.Optional                                                 : loaded 2 times (x 80B)
Class kotlin.jvm.internal.CharCompanionObject                                         : loaded 2 times (x 71B)
Class kotlin.io.LinesSequence$iterator$1                                              : loaded 2 times (x 79B)
Class com.google.common.collect.RegularImmutableAsList                                : loaded 2 times (x 217B)
Class kotlin.ReplaceWith                                                              : loaded 2 times (x 70B)
Class kotlin.reflect.jvm.internal.impl.utils.CollectionsKt                            : loaded 2 times (x 71B)
Class com.google.devtools.ksp.processing.KspGradleLogger$Companion                    : loaded 2 times (x 71B)
Class com.google.common.collect.Maps$8                                                : loaded 2 times (x 82B)
Class kotlinx.coroutines.internal.LimitedDispatcherKt                                 : loaded 2 times (x 71B)
Class kotlin.collections.MutableMapWithDefaultImpl                                    : loaded 2 times (x 144B)
Class com.google.common.collect.AbstractMultimap                                      : loaded 2 times (x 123B)
Class kotlinx.coroutines.EventLoopKt                                                  : loaded 2 times (x 71B)
Class com.google.common.cache.LocalCache$2                                            : loaded 2 times (x 142B)
Class com.google.common.collect.ImmutableList$Builder                                 : loaded 2 times (x 77B)
Class com.google.common.collect.Sets$ImprovedAbstractSet                              : loaded 2 times (x 135B)
Class com.google.common.reflect.TypeToken$SimpleTypeToken                             : loaded 2 times (x 73B)
Class com.google.common.base.Predicates$CompositionPredicate                          : loaded 2 times (x 88B)
Class com.google.common.collect.Sets$SetView                                          : loaded 2 times (x 138B)
Class com.google.common.cache.LocalCache$StrongValueReference                         : loaded 2 times (x 90B)
Class kotlinx.coroutines.scheduling.GlobalQueue                                       : loaded 2 times (x 72B)
Class com.google.common.collect.AbstractMapEntry                                      : loaded 2 times (x 81B)
Class com.google.common.cache.LocalCache$1                                            : loaded 2 times (x 89B)
Class org.gradle.internal.classloader.VisitableURLClassLoader$InstrumentingVisitableURLClassLoader: loaded 2 times (x 123B)
Class com.google.common.collect.Iterators$SingletonIterator                           : loaded 2 times (x 81B)
Class com.google.common.collect.HashBiMap$BiEntry                                     : loaded 2 times (x 83B)
Class kotlinx.coroutines.Job$DefaultImpls                                             : loaded 2 times (x 71B)
Class kotlin.coroutines.CoroutineContext$Element$DefaultImpls                         : loaded 2 times (x 71B)
Class com.google.common.collect.SingletonImmutableBiMap                               : loaded 2 times (x 143B)
Class jdk.internal.jrtfs.JrtFileSystem$1                                              : loaded 2 times (x 107B)
Class [Lkotlin.reflect.jvm.internal.impl.resolve.jvm.JvmPrimitiveType;                : loaded 2 times (x 69B)
Class org.gradle.internal.service.ServiceLocator                                      : loaded 2 times (x 70B)
Class com.google.common.collect.UnmodifiableIterator                                  : loaded 2 times (x 80B)
Class com.google.common.collect.Platform                                              : loaded 2 times (x 71B)
Class com.google.common.math.IntMath$1                                                : loaded 2 times (x 71B)
Class [Lcom.google.common.cache.CacheBuilder$NullListener;                            : loaded 2 times (x 69B)
Class org.gradle.internal.classloader.VisitableURLClassLoader$Spec                    : loaded 2 times (x 74B)
Class org.gradle.internal.classpath.DefaultClassPath                                  : loaded 2 times (x 90B)
Class org.jetbrains.kotlin.cli.common.arguments.PreprocessCommandLineArgumentsKt      : loaded 2 times (x 71B)
Class kotlinx.coroutines.BuildersKt__BuildersKt                                       : loaded 2 times (x 71B)
Class kotlinx.coroutines.scheduling.NanoTimeSource                                    : loaded 2 times (x 72B)
Class kotlin.jvm.internal.BooleanCompanionObject                                      : loaded 2 times (x 71B)
Class com.google.common.base.MoreObjects                                              : loaded 2 times (x 71B)
Class com.google.common.base.Joiner                                                   : loaded 2 times (x 79B)
Class com.google.common.reflect.TypeResolver$TypeVariableKey                          : loaded 2 times (x 72B)
Class com.google.devtools.ksp.processing.KspGradleLogger                              : loaded 2 times (x 79B)
Class com.google.common.reflect.Types$ClassOwnership                                  : loaded 2 times (x 80B)
Class kotlin.UInt$Companion                                                           : loaded 2 times (x 71B)
Class kotlin.UInt                                                                     : loaded 2 times (x 74B)
Class kotlin.reflect.jvm.internal.impl.name.FqNamesUtilKt                             : loaded 2 times (x 71B)
Class com.google.common.collect.Sets$FilteredSet                                      : loaded 2 times (x 137B)
Class com.google.common.collect.RegularImmutableMap$Values                            : loaded 2 times (x 207B)
Class com.google.common.io.Closer                                                     : loaded 2 times (x 78B)
Class com.google.common.collect.ImmutableSet                                          : loaded 2 times (x 145B)
Class org.gradle.internal.classloader.ClassLoaderSpec                                 : loaded 2 times (x 71B)
Class kotlin.jvm.internal.LongCompanionObject                                         : loaded 2 times (x 71B)
Class kotlin.collections.builders.ListBuilder                                         : loaded 2 times (x 207B)
Class kotlin.text.DelimitedRangesSequence                                             : loaded 2 times (x 75B)
Class kotlin.reflect.jvm.internal.ReflectProperties$Val$1                             : loaded 2 times (x 71B)
Class kotlin.collections.builders.ListBuilder$Companion                               : loaded 2 times (x 71B)
Class kotlinx.coroutines.scheduling.CoroutineScheduler$Companion                      : loaded 2 times (x 71B)
Class com.google.common.cache.CacheStats                                              : loaded 2 times (x 71B)
Class kotlin.time.DurationKt                                                          : loaded 2 times (x 71B)
Class kotlinx.coroutines.CoroutineStart$WhenMappings                                  : loaded 2 times (x 71B)
Class jdk.internal.jrtfs.SystemImage$2                                                : loaded 2 times (x 76B)
Class com.google.common.collect.ImmutableCollection$Builder                           : loaded 2 times (x 76B)
Class com.google.common.cache.CacheLoader$FunctionToCacheLoader                       : loaded 2 times (x 75B)
Class com.google.common.collect.Iterators$ArrayItr                                    : loaded 2 times (x 97B)
Class kotlin.jdk7.AutoCloseableKt                                                     : loaded 2 times (x 71B)
Class com.google.common.io.Closer$Suppressor                                          : loaded 2 times (x 70B)
Class com.google.common.util.concurrent.AbstractFuture$Listener                       : loaded 2 times (x 72B)
Class org.gradle.api.internal.classpath.Module$ModuleAlias                            : loaded 2 times (x 70B)
Class kotlin.collections.AbstractSet$Companion                                        : loaded 2 times (x 71B)
Class com.google.common.collect.Maps$IteratorBasedAbstractMap$1                       : loaded 2 times (x 138B)
Class org.jetbrains.kotlin.config.Services$Builder                                    : loaded 2 times (x 72B)
Class kotlin.io.FileTreeWalk$DirectoryState                                           : loaded 2 times (x 73B)
Class com.google.common.base.Supplier                                                 : loaded 2 times (x 70B)
Class org.gradle.internal.classloader.VisitableURLClassLoader                         : loaded 2 times (x 117B)
Class com.google.common.reflect.Types$ParameterizedTypeImpl                           : loaded 2 times (x 81B)
Class kotlinx.coroutines.DisposableHandle                                             : loaded 2 times (x 70B)
Class jdk.internal.jrtfs.SystemImage$1                                                : loaded 2 times (x 78B)
Class kotlin.reflect.jvm.internal.KClassImpl                                          : loaded 2 times (x 115B)
Class org.gradle.internal.classloader.InstrumentingClassLoader                        : loaded 2 times (x 70B)
Class org.gradle.internal.classpath.TransformedClassPath                              : loaded 2 times (x 96B)
Class com.google.common.collect.ImmutableList$SerializedForm                          : loaded 2 times (x 73B)
Class org.gradle.internal.Cast                                                        : loaded 2 times (x 71B)
Class org.gradle.api.Action                                                           : loaded 2 times (x 70B)
Class com.google.common.cache.CacheBuilder$NullListener                               : loaded 2 times (x 82B)
Class com.google.common.reflect.Invokable                                             : loaded 2 times (x 103B)
Class kotlinx.coroutines.CompletedExceptionally                                       : loaded 2 times (x 72B)
Class kotlin.coroutines.AbstractCoroutineContextKey                                   : loaded 2 times (x 72B)
Class jdk.internal.jimage.ImageReader$LinkNode                                        : loaded 2 times (x 84B)
Class org.jetbrains.kotlin.cli.common.messages.GradleStyleMessageRenderer             : loaded 2 times (x 78B)
Class com.google.common.collect.MapDifference                                         : loaded 2 times (x 70B)
Class com.google.common.collect.HashBiMap                                             : loaded 2 times (x 143B)
Class com.google.common.collect.Sets                                                  : loaded 2 times (x 71B)
Class com.google.common.base.Strings                                                  : loaded 2 times (x 71B)
Class com.google.common.base.Ticker                                                   : loaded 2 times (x 72B)
Class com.google.common.cache.LocalCache$Strength$3                                   : loaded 2 times (x 81B)
Class com.google.common.io.ByteStreams                                                : loaded 2 times (x 71B)
Class com.google.common.collect.TransformedIterator                                   : loaded 2 times (x 80B)
Class com.google.devtools.ksp.processing.KSPConfig                                    : loaded 2 times (x 72B)
Class [Lcom.google.common.cache.LocalCache$Segment;                                   : loaded 2 times (x 69B)
Class com.google.common.base.Predicate                                                : loaded 2 times (x 70B)
Class [Lcom.google.common.cache.LocalCache$Strength;                                  : loaded 2 times (x 69B)
Class com.google.common.cache.CacheBuilder$1                                          : loaded 2 times (x 85B)
Class com.google.common.collect.ImmutableMap                                          : loaded 2 times (x 120B)
Class org.gradle.internal.classpath.DefaultClassPath$ImmutableUniqueList$Builder      : loaded 2 times (x 75B)
Class [Lcom.google.common.collect.Maps$EntryFunction;                                 : loaded 2 times (x 69B)
Class kotlinx.coroutines.CoroutineStart                                               : loaded 2 times (x 79B)
Class kotlinx.coroutines.scheduling.UnlimitedIoScheduler                              : loaded 2 times (x 99B)
Class kotlinx.coroutines.scheduling.DefaultIoScheduler                                : loaded 2 times (x 110B)
Class kotlin.reflect.jvm.internal.KDeclarationContainerImpl$Data                      : loaded 2 times (x 72B)
Class kotlinx.coroutines.DispatchedTask                                               : loaded 2 times (x 81B)
Class com.google.common.cache.LocalCache                                              : loaded 2 times (x 187B)
Class com.google.common.cache.CacheBuilder$2                                          : loaded 2 times (x 79B)
Class kotlinx.coroutines.CoroutineId                                                  : loaded 2 times (x 93B)
Class kotlinx.coroutines.EventLoopImplBase                                            : loaded 2 times (x 117B)
Class kotlin.reflect.jvm.internal.impl.builtins.PrimitiveType$Companion               : loaded 2 times (x 71B)
Class jdk.internal.jrtfs.JrtFileStore                                                 : loaded 2 times (x 83B)
Class kotlin.reflect.jvm.internal.KClassImpl$Data                                     : loaded 2 times (x 72B)
Class com.google.common.cache.LocalCache$Strength$2                                   : loaded 2 times (x 81B)
Class com.google.common.util.concurrent.SettableFuture                                : loaded 2 times (x 114B)
Class com.google.common.collect.Collections2$FilteredCollection                       : loaded 2 times (x 119B)
Class org.jetbrains.kotlin.cli.common.arguments.K2JVMCompilerArguments                : loaded 2 times (x 76B)
Class [Lcom.google.common.collect.AbstractMapEntry;                                   : loaded 2 times (x 69B)
Class com.google.common.collect.ImmutableEntry                                        : loaded 2 times (x 82B)
Class com.google.common.cache.CacheBuilder$3                                          : loaded 2 times (x 72B)
Class com.google.common.collect.ArrayListMultimap                                     : loaded 2 times (x 172B)
Class org.gradle.api.GradleException                                                  : loaded 2 times (x 82B)
Class com.google.common.reflect.Types$ClassOwnership$3                                : loaded 2 times (x 71B)
Class kotlin.collections.AbstractMap$Companion                                        : loaded 2 times (x 71B)
Class org.jetbrains.kotlin.cli.common.messages.CompilerMessageSeverity                : loaded 2 times (x 79B)
Class kotlinx.coroutines.internal.SystemPropsKt                                       : loaded 2 times (x 71B)
Class com.google.common.cache.LocalCache$Strength$1                                   : loaded 2 times (x 81B)
Class com.google.common.io.ByteArrayDataInput                                         : loaded 2 times (x 70B)
Class com.google.common.base.Suppliers$MemoizingSupplier                              : loaded 2 times (x 79B)
Class com.google.common.collect.CollectPreconditions                                  : loaded 2 times (x 71B)
Class kotlinx.coroutines.DefaultExecutorKt                                            : loaded 2 times (x 71B)
Class kotlinx.coroutines.Unconfined                                                   : loaded 2 times (x 99B)
Class kotlinx.coroutines.GlobalScope                                                  : loaded 2 times (x 74B)
Class com.google.common.collect.Sets$4                                                : loaded 2 times (x 139B)
Class com.google.common.reflect.TypeResolver                                          : loaded 2 times (x 72B)
Class kotlin.reflect.jvm.internal.KTypeParameterOwnerImpl                             : loaded 2 times (x 70B)
Class com.google.common.reflect.Types$ClassOwnership$2                                : loaded 2 times (x 80B)
Class kotlin.reflect.jvm.internal.impl.name.ClassId                                   : loaded 2 times (x 72B)
Class com.google.common.collect.Maps$AbstractFilteredMap                              : loaded 2 times (x 127B)
Class com.google.common.collect.SortedMapDifference                                   : loaded 2 times (x 70B)
Class kotlin.collections.builders.MapBuilder$KeysItr                                  : loaded 2 times (x 81B)
Class [Lkotlin.time.DurationUnit;                                                     : loaded 2 times (x 69B)
Class kotlinx.coroutines.AbstractCoroutine                                            : loaded 2 times (x 143B)
Class kotlinx.coroutines.IncompleteStateBox                                           : loaded 2 times (x 72B)
Class kotlin.reflect.jvm.internal.impl.name.Name                                      : loaded 2 times (x 75B)
Class org.gradle.internal.service.UnknownServiceException                             : loaded 2 times (x 83B)
Class org.jetbrains.kotlin.cli.common.arguments.CommonCompilerArguments               : loaded 2 times (x 75B)
Class com.google.common.cache.LocalCache$EntryFactory                                 : loaded 2 times (x 83B)
Class com.google.common.cache.LocalCache$LocalLoadingCache                            : loaded 2 times (x 134B)
Class com.google.common.collect.Sets$3                                                : loaded 2 times (x 139B)
Class kotlin.reflect.jvm.internal.impl.name.FqNameUnsafe                              : loaded 2 times (x 72B)
Class com.google.common.reflect.Types$ClassOwnership$1                                : loaded 2 times (x 80B)
Class org.jetbrains.kotlin.cli.common.arguments.CommonCompilerArgumentsConfigurator   : loaded 2 times (x 74B)
Class org.jetbrains.kotlin.cli.common.CompilerSystemProperties                        : loaded 2 times (x 80B)
Class org.jetbrains.kotlin.cli.common.arguments.Argument                              : loaded 2 times (x 70B)
Class kotlinx.coroutines.Delay                                                        : loaded 2 times (x 70B)
Class com.google.common.reflect.Types$NativeTypeVariableEquals                        : loaded 2 times (x 71B)
Class com.google.common.reflect.TypeParameter                                         : loaded 2 times (x 72B)
Class com.google.common.collect.Iterables$5                                           : loaded 2 times (x 81B)
Class com.google.common.cache.LocalCache$AbstractReferenceEntry                       : loaded 2 times (x 107B)
Class org.gradle.internal.IoActions                                                   : loaded 2 times (x 71B)
Class kotlinx.coroutines.ParentJob                                                    : loaded 2 times (x 70B)
Class kotlinx.coroutines.scheduling.TaskContext                                       : loaded 2 times (x 70B)
Class kotlinx.coroutines.JobNode                                                      : loaded 2 times (x 90B)
Class jdk.internal.jrtfs.SystemImage                                                  : loaded 2 times (x 74B)
Class org.gradle.api.internal.ClassPathProvider                                       : loaded 2 times (x 70B)
Class [Lorg.gradle.api.internal.ClassPathProvider;                                    : loaded 2 times (x 69B)
Class kotlin.reflect.jvm.internal.EmptyContainerForLocal                              : loaded 2 times (x 84B)
Class com.google.common.cache.CacheLoader$InvalidCacheLoadException                   : loaded 2 times (x 82B)
Class com.google.common.collect.ImmutableSet$RegularSetBuilderImpl                    : loaded 2 times (x 77B)
Class kotlin.text.MatcherMatchResult$groups$1                                         : loaded 2 times (x 151B)
Class kotlinx.coroutines.internal.LockFreeLinkedListNode                              : loaded 2 times (x 75B)
Class com.google.common.collect.Sets$2                                                : loaded 2 times (x 139B)
Class kotlin.coroutines.CoroutineContext$DefaultImpls                                 : loaded 2 times (x 71B)
Class com.google.common.collect.Maps$ViewCachingAbstractMap                           : loaded 2 times (x 125B)
Class kotlin.jvm.internal.PropertyReference0Impl                                      : loaded 2 times (x 127B)
Class [Lcom.google.common.base.Function;                                              : loaded 2 times (x 69B)
Class kotlin.reflect.jvm.internal.impl.builtins.jvm.JavaToKotlinClassMap$PlatformMutabilityMapping: loaded 2 times (x 72B)
Class kotlin.coroutines.ContinuationInterceptor$DefaultImpls                          : loaded 2 times (x 71B)
Class kotlin.text.MatchResult                                                         : loaded 2 times (x 70B)
Class kotlin.ranges.LongRange$Companion                                               : loaded 2 times (x 71B)
Class org.jetbrains.kotlin.cli.common.ExitCode                                        : loaded 2 times (x 79B)
Class com.google.common.collect.FluentIterable                                        : loaded 2 times (x 81B)
Class com.google.common.cache.LocalCache$StrongEntry                                  : loaded 2 times (x 108B)
Class com.google.common.util.concurrent.AbstractFuture$TrustedFuture                  : loaded 2 times (x 114B)
Class com.google.common.cache.LoadingCache                                            : loaded 2 times (x 70B)
Class org.gradle.api.internal.DefaultClassPathProvider                                : loaded 2 times (x 76B)
Class kotlin.sequences.TakeWhileSequence                                              : loaded 2 times (x 75B)
Class com.google.common.collect.ImmutableSet$SerializedForm                           : loaded 2 times (x 73B)
Class com.google.common.collect.Sets$1                                                : loaded 2 times (x 139B)
Class kotlinx.coroutines.EventLoop_commonKt                                           : loaded 2 times (x 71B)
Class com.google.common.collect.ListMultimap                                          : loaded 2 times (x 70B)
Class kotlin.io.FileTreeWalk$FileTreeWalkIterator$TopDownDirectoryState               : loaded 2 times (x 74B)
Class com.google.common.collect.RegularImmutableMap$BucketOverflowException           : loaded 2 times (x 82B)
Class com.google.common.io.ByteStreams$LimitedInputStream                             : loaded 2 times (x 92B)
Class com.google.common.base.Suppliers$NonSerializableMemoizingSupplier               : loaded 2 times (x 79B)
Class [Lcom.google.common.cache.Weigher;                                              : loaded 2 times (x 69B)
Class com.google.common.collect.ImmutableEnumMap                                      : loaded 2 times (x 126B)
Class com.google.common.collect.CollectSpliterators$1WithCharacteristics              : loaded 2 times (x 90B)
Class kotlinx.coroutines.internal.LockFreeTaskQueueCore$Companion                     : loaded 2 times (x 71B)
Class kotlinx.coroutines.DebugKt                                                      : loaded 2 times (x 71B)
Class [Lcom.google.common.collect.ImmutableMapEntry;                                  : loaded 2 times (x 69B)
Class jdk.internal.jrtfs.ExplodedImage                                                : loaded 2 times (x 77B)
Class org.jetbrains.kotlin.cli.common.CompilerSystemProperties$Companion              : loaded 2 times (x 71B)
Class [Lcom.google.common.collect.AbstractIterator$State;                             : loaded 2 times (x 69B)
Class kotlinx.coroutines.CopyableThreadContextElement                                 : loaded 2 times (x 70B)
Class kotlin.text.MatcherMatchResult$groupValues$1                                    : loaded 2 times (x 198B)
Class com.google.common.reflect.Types$JavaVersion$1                                   : loaded 2 times (x 83B)
Class com.google.common.collect.RegularImmutableBiMap                                 : loaded 2 times (x 149B)
Class com.google.common.collect.AbstractIterator$State                                : loaded 2 times (x 79B)
Class com.google.common.cache.LocalCache$ValueReference                               : loaded 2 times (x 70B)
Class kotlin.jvm.internal.FloatCompanionObject                                        : loaded 2 times (x 71B)
Class org.gradle.internal.classloader.DefaultClassLoaderFactory                       : loaded 2 times (x 82B)
Class com.google.common.base.Suppliers                                                : loaded 2 times (x 71B)
Class [Lcom.google.common.cache.CacheBuilder$OneWeigher;                              : loaded 2 times (x 69B)
Class com.google.common.base.Platform$JdkPatternCompiler                              : loaded 2 times (x 75B)
Class org.jetbrains.kotlin.cli.common.arguments.CommonToolArguments                   : loaded 2 times (x 73B)
Class com.google.common.reflect.Types$JavaVersion$2                                   : loaded 2 times (x 83B)
Class com.google.common.reflect.Types                                                 : loaded 2 times (x 71B)
Class com.google.common.hash.PrimitiveSink                                            : loaded 2 times (x 70B)
Class com.google.common.collect.Hashing                                               : loaded 2 times (x 71B)
Class com.google.common.base.PatternCompiler                                          : loaded 2 times (x 70B)
Class com.google.common.util.concurrent.AbstractFuture$Failure                        : loaded 2 times (x 72B)
Class com.google.common.base.Equivalence$Equals                                       : loaded 2 times (x 82B)
Class com.google.common.base.Preconditions                                            : loaded 2 times (x 71B)
Class kotlin.reflect.jvm.internal.impl.name.FqName                                    : loaded 2 times (x 72B)
Class kotlin.io.LinesSequence                                                         : loaded 2 times (x 75B)
Class kotlinx.coroutines.EventLoopImplPlatform                                        : loaded 2 times (x 107B)
Class kotlinx.coroutines.scheduling.SchedulerTimeSource                               : loaded 2 times (x 72B)
Class com.google.common.reflect.Types$JavaVersion$3                                   : loaded 2 times (x 83B)
Class com.google.common.base.Joiner$1                                                 : loaded 2 times (x 80B)
Class com.google.common.collect.PeekingIterator                                       : loaded 2 times (x 70B)
Class kotlinx.coroutines.scheduling.CoroutineScheduler                                : loaded 2 times (x 81B)
Class com.google.common.collect.UnmodifiableListIterator                              : loaded 2 times (x 95B)
Class com.google.common.reflect.TypeCapture                                           : loaded 2 times (x 71B)
Class com.google.common.reflect.Types$JavaVersion$4                                   : loaded 2 times (x 83B)
Class com.google.common.collect.Maps$IteratorBasedAbstractMap                         : loaded 2 times (x 125B)
Class com.google.common.base.Joiner$2                                                 : loaded 2 times (x 79B)
Class com.google.common.cache.LocalCache$EntryFactory$1                               : loaded 2 times (x 83B)
Class [Lcom.google.common.cache.RemovalListener;                                      : loaded 2 times (x 69B)
Class kotlinx.coroutines.scheduling.TaskContextImpl                                   : loaded 2 times (x 75B)
Class kotlinx.coroutines.CoroutineScope                                               : loaded 2 times (x 70B)
Class kotlinx.coroutines.ChildHandle                                                  : loaded 2 times (x 70B)
Class kotlin.collections.builders.ListBuilder$Itr                                     : loaded 2 times (x 94B)
Class com.google.common.reflect.Types$JavaVersion$5                                   : loaded 2 times (x 71B)
Class [Lcom.google.common.reflect.Types$ClassOwnership;                               : loaded 2 times (x 69B)
Class com.google.common.cache.LocalCache$EntryFactory$2                               : loaded 2 times (x 83B)
Class kotlin.ranges.LongProgression                                                   : loaded 2 times (x 81B)
Class com.google.common.io.ByteArrayDataOutput                                        : loaded 2 times (x 70B)
Class com.google.common.collect.ImmutableMap$MapViewOfValuesAsSingletonSets           : loaded 2 times (x 126B)
Class com.google.common.collect.RegularImmutableMap                                   : loaded 2 times (x 121B)
Class com.google.common.collect.ImmutableMapEntrySet$RegularEntrySet                  : loaded 2 times (x 152B)
Class com.google.common.cache.LocalCache$EntryFactory$3                               : loaded 2 times (x 83B)
Class com.google.common.base.Ticker$1                                                 : loaded 2 times (x 72B)
Class com.google.common.collect.Maps$BiMapConverter                                   : loaded 2 times (x 90B)
Class kotlinx.coroutines.Incomplete                                                   : loaded 2 times (x 70B)
Class org.jetbrains.kotlin.cli.common.messages.MessageRenderer                        : loaded 2 times (x 70B)
Class com.google.common.cache.LocalCache$EntryFactory$4                               : loaded 2 times (x 83B)
Class com.google.common.collect.ImmutableSet$Builder                                  : loaded 2 times (x 85B)
Class kotlin.concurrent.LocksKt                                                       : loaded 2 times (x 71B)
Class kotlinx.coroutines.AbstractTimeSourceKt                                         : loaded 2 times (x 71B)
Class org.jetbrains.kotlin.cli.common.arguments.ArgumentField                         : loaded 2 times (x 72B)
Class com.google.common.io.ByteStreams$1                                              : loaded 2 times (x 85B)
Class com.google.common.cache.LocalCache$EntryFactory$5                               : loaded 2 times (x 83B)
Class kotlin.jvm.internal.ByteCompanionObject                                         : loaded 2 times (x 71B)
Class kotlin.time.Duration                                                            : loaded 2 times (x 74B)
Class kotlin.jvm.internal.MutablePropertyReference2                                   : loaded 2 times (x 137B)
Class kotlin.reflect.jvm.internal.ReflectProperties$Val                               : loaded 2 times (x 74B)
Class com.google.common.cache.LocalCache$EntryFactory$6                               : loaded 2 times (x 83B)
Class org.gradle.internal.installation.CurrentGradleInstallationLocator               : loaded 2 times (x 71B)
Class com.google.common.collect.AbstractMapBasedMultimap$WrappedCollection            : loaded 2 times (x 124B)
Class kotlinx.coroutines.internal.OpDescriptor                                        : loaded 2 times (x 73B)
Class kotlinx.coroutines.Empty                                                        : loaded 2 times (x 75B)
Class org.jetbrains.kotlin.cli.common.messages.CompilerMessageSeverity$Companion      : loaded 2 times (x 71B)
Class kotlin.coroutines.jvm.internal.SpillingKt                                       : loaded 2 times (x 71B)
Class com.google.common.collect.ImmutableSet$EmptySetBuilderImpl                      : loaded 2 times (x 76B)
Class com.google.common.cache.LocalCache$EntryFactory$7                               : loaded 2 times (x 83B)
Class com.google.common.collect.ImmutableList                                         : loaded 2 times (x 206B)
Class org.gradle.internal.service.DefaultServiceLocator                               : loaded 2 times (x 83B)
Class jdk.internal.jrtfs.JrtDirectoryStream                                           : loaded 2 times (x 89B)
Class kotlin.properties.ObservableProperty                                            : loaded 2 times (x 83B)
Class com.google.common.util.concurrent.ExecutionError                                : loaded 2 times (x 82B)
Class com.google.common.collect.ImmutableList$1                                       : loaded 2 times (x 97B)
Class com.google.common.collect.ImmutableEnumSet                                      : loaded 2 times (x 146B)
Class org.gradle.internal.classloader.ClassLoaderHierarchy                            : loaded 2 times (x 70B)
Class org.jetbrains.kotlin.util.capitalizeDecapitalize.CapitalizeDecapitalizeKt       : loaded 2 times (x 71B)
Class com.google.common.collect.Maps$EntrySet                                         : loaded 2 times (x 136B)
Class com.google.common.cache.LocalCache$EntryFactory$8                               : loaded 2 times (x 83B)
Class com.google.common.collect.ImmutableSet$SetBuilderImpl                           : loaded 2 times (x 76B)
Class org.gradle.internal.installation.CurrentGradleInstallation                      : loaded 2 times (x 73B)
Class kotlin.jvm.internal.MutablePropertyReference0                                   : loaded 2 times (x 137B)
Class kotlin.jvm.internal.Ref$BooleanRef                                              : loaded 2 times (x 71B)
Class kotlinx.coroutines.scheduling.Task                                              : loaded 2 times (x 76B)
Class kotlin.reflect.jvm.internal.impl.builtins.CompanionObjectMapping                : loaded 2 times (x 71B)
Class kotlinx.coroutines.BlockingCoroutine                                            : loaded 2 times (x 143B)
Class kotlinx.coroutines.BuildersKt                                                   : loaded 2 times (x 71B)
Class kotlinx.coroutines.CoroutineContextKt$hasCopyableElements$1                     : loaded 2 times (x 78B)
Class com.google.common.collect.ImmutableList$SubList                                 : loaded 2 times (x 209B)
Class com.google.common.collect.ForwardingObject                                      : loaded 2 times (x 72B)
Class com.google.common.cache.CacheLoader$1                                           : loaded 2 times (x 75B)
Class org.gradle.util.internal.GUtil                                                  : loaded 2 times (x 71B)
Class kotlinx.coroutines.internal.LockFreeTaskQueue                                   : loaded 2 times (x 72B)
Class kotlinx.coroutines.scheduling.DefaultScheduler                                  : loaded 2 times (x 108B)
Class kotlinx.coroutines.Dispatchers                                                  : loaded 2 times (x 71B)
Class kotlinx.coroutines.internal.ThreadContextKt                                     : loaded 2 times (x 71B)
Class kotlin.text.LinesIterator                                                       : loaded 2 times (x 79B)
Class org.gradle.internal.classloader.FilteringClassLoader                            : loaded 2 times (x 105B)
Class com.google.common.cache.AbstractCache$StatsCounter                              : loaded 2 times (x 70B)
Class com.google.common.base.Equivalence$Identity                                     : loaded 2 times (x 82B)
Class kotlin.time.DurationUnitKt                                                      : loaded 2 times (x 71B)
Class com.google.common.base.PairwiseEquivalence                                      : loaded 2 times (x 83B)
Class kotlinx.coroutines.intrinsics.CancellableKt                                     : loaded 2 times (x 71B)
Class com.google.common.collect.RegularImmutableMap$KeySet                            : loaded 2 times (x 152B)
Class kotlin.reflect.jvm.internal.RuntimeTypeMapper                                   : loaded 2 times (x 71B)
Class com.google.common.reflect.Types$TypeVariableImpl                                : loaded 2 times (x 72B)
Class com.google.common.collect.Iterators$MergingIterator                             : loaded 2 times (x 81B)
Class com.google.common.collect.RegularImmutableSet                                   : loaded 2 times (x 149B)
Class org.gradle.internal.installation.GradleInstallation                             : loaded 2 times (x 75B)
Class kotlinx.coroutines.internal.ResizableAtomicArray                                : loaded 2 times (x 72B)
Class kotlin.collections.ReversedList                                                 : loaded 2 times (x 207B)
Class com.google.common.collect.Iterables                                             : loaded 2 times (x 71B)
Class kotlin.collections.ReversedList$listIterator$1                                  : loaded 2 times (x 94B)
Class kotlin.text.MatcherMatchResult                                                  : loaded 2 times (x 80B)
Class kotlinx.coroutines.JobSupportKt                                                 : loaded 2 times (x 71B)
Class kotlinx.coroutines.ExecutorCoroutineDispatcher$Key                              : loaded 2 times (x 72B)
Class kotlin.text.MatchGroupCollection                                                : loaded 2 times (x 70B)
Class kotlin.text.MatchNamedGroupCollection                                           : loaded 2 times (x 70B)

---------------  S Y S T E M  ---------------

OS:
 Windows 11 , 64 bit Build 26100 (10.0.26100.8875)
OS uptime: 1 days 17:38 hours
Hyper-V role detected

CPU: total 12 (initial active 12) (6 cores per cpu, 2 threads per core) family 6 model 165 stepping 2 microcode 0xfc, cx8, cmov, fxsr, ht, mmx, 3dnowpref, sse, sse2, sse3, ssse3, sse4.1, sse4.2, popcnt, lzcnt, tsc, tscinvbit, avx, avx2, aes, erms, clmul, bmi1, bmi2, adx, fma, vzeroupper, clflush, clflushopt, hv, rdtscp, f16c
Processor Information for the first 12 processors :
  Max Mhz: 2592, Current Mhz: 2592, Mhz Limit: 2592

Memory: 4k page, system-wide physical 16177M (3479M free)
TotalPageFile size 31537M (AvailPageFile size 11261M)
current process WorkingSet (physical memory assigned to process): 1731M, peak: 1862M
current process commit charge ("private bytes"): 1879M, peak: 2313M

vm_info: OpenJDK 64-Bit Server VM (21.0.10+-14961533-b1163.108) for windows-amd64 JRE (21.0.10+-14961533-b1163.108), built on 2026-03-02T19:58:50Z by "builder" with MS VC++ 16.10 / 16.11 (VS2019)

END.
